hangul_word,English_translation,hanja_word_with_x,hangul_hanja_tuple,hangul_hanja_char_tuple,hangul_seq,hanja_seq,hangul_hanja_tuple_num_parts,hangul_hanja_char_tuple_rank_tuple,hangul_hanja_char_tuple_rank
할아버지,grandfather,X,"('할아버지', 'X')","('아', 'X')",아,X,19,"(19, ('아', 'X'))",265
피아노,piano,X,"('피아노', 'X')","('아', 'X')",아,X,19,"(19, ('아', 'X'))",265
좋아하다,to like,X,"('좋아하다', 'X')","('아', 'X')",아,X,19,"(19, ('아', 'X'))",265
아홉,nine,X,"('아홉', 'X')","('아', 'X')",아,X,19,"(19, ('아', 'X'))",265
아프리카,Africa,X,"('아프리카', 'X')","('아', 'X')",아,X,19,"(19, ('아', 'X'))",265
아프다,to be hurting / ill / in pain / hurt,X,"('아프다', 'X')","('아', 'X')",아,X,19,"(19, ('아', 'X'))",265
아침,morning,X,"('아침', 'X')","('아', 'X')",아,X,19,"(19, ('아', 'X'))",265
아직,"(not) yet, still",X,"('아직', 'X')","('아', 'X')",아,X,19,"(19, ('아', 'X'))",265
아주,very / quite,X,"('아주', 'X')","('아', 'X')",아,X,19,"(19, ('아', 'X'))",265
아이스크림,ice cream,X,"('아이스크림', 'X')","('아', 'X')",아,X,19,"(19, ('아', 'X'))",265
아이,child,X,"('아이', 'X')","('아', 'X')",아,X,19,"(19, ('아', 'X'))",265
아버지,father,X,"('아버지', 'X')","('아', 'X')",아,X,19,"(19, ('아', 'X'))",265
아래,under / below,X,"('아래', 'X')","('아', 'X')",아,X,19,"(19, ('아', 'X'))",265
아들,son,X,"('아들', 'X')","('아', 'X')",아,X,19,"(19, ('아', 'X'))",265
아내,wife,X,"('아내', 'X')","('아', 'X')",아,X,19,"(19, ('아', 'X'))",265
아까,"earlier (today), a while ago (today)",X,"('아까', 'X')","('아', 'X')",아,X,19,"(19, ('아', 'X'))",265
아기,baby,X,"('아기', 'X')","('아', 'X')",아,X,19,"(19, ('아', 'X'))",265
말레이시아,Malaysia,X,"('말레이시아', 'X')","('아', 'X')",아,X,19,"(19, ('아', 'X'))",265
갈아타다,to transfer,X,"('갈아타다', 'X')","('아', 'X')",아,X,19,"(19, ('아', 'X'))",265
케이크,cake,X,"('케이크', 'X')","('이', 'X')",이,X,17,"(17, ('이', 'X'))",264
이야기하다,to talk,X,"('이야기하다', 'X')","('이', 'X')",이,X,17,"(17, ('이', 'X'))",264
이상하다,to be strange,X,"('이상하다', 'X')","('이', 'X')",이,X,17,"(17, ('이', 'X'))",264
이분,this person (honorific),X,"('이분', 'X')","('이', 'X')",이,X,17,"(17, ('이', 'X'))",264
이번,this time,X,"('이번', 'X')","('이', 'X')",이,X,17,"(17, ('이', 'X'))",264
이메일,e-mail,X,"('이메일', 'X')","('이', 'X')",이,X,17,"(17, ('이', 'X'))",264
이름,name,X,"('이름', 'X')","('이', 'X')",이,X,17,"(17, ('이', 'X'))",264
이렇게,like this /in this way,X,"('이렇게', 'X')","('이', 'X')",이,X,17,"(17, ('이', 'X'))",264
이거,this (one),X,"('이거', 'X')","('이', 'X')",이,X,17,"(17, ('이', 'X'))",264
이,this | two,X,"('이', 'X')","('이', 'X')",이,X,17,"(17, ('이', 'X'))",264
아이스크림,ice cream,X,"('아이스크림', 'X')","('이', 'X')",이,X,17,"(17, ('이', 'X'))",264
아이,child,X,"('아이', 'X')","('이', 'X')",이,X,17,"(17, ('이', 'X'))",264
베이징,Beijing,X,"('베이징', 'X')","('이', 'X')",이,X,17,"(17, ('이', 'X'))",264
말레이시아,Malaysia,X,"('말레이시아', 'X')","('이', 'X')",이,X,17,"(17, ('이', 'X'))",264
많이,a lot / many / much,X,"('많이', 'X')","('이', 'X')",이,X,17,"(17, ('이', 'X'))",264
다이어트,diet,X,"('다이어트', 'X')","('이', 'X')",이,X,17,"(17, ('이', 'X'))",264
같이,together,X,"('같이', 'X')","('이', 'X')",이,X,17,"(17, ('이', 'X'))",264
화요일,Tuesday,火曜日,"('화요일', '火曜日')","('일', '日')",일,日,15,"(15, ('일', '日'))",263
토요일,Saturday,土曜日,"('토요일', '土曜日')","('일', '日')",일,日,15,"(15, ('일', '日'))",263
주일,week,週日,"('주일', '週日')","('일', '日')",일,日,15,"(15, ('일', '日'))",263
일요일,Sunday,日曜日,"('일요일', '日曜日')","('일', '日')",일,日,15,"(15, ('일', '日'))",263
일요일,Sunday,日曜日,"('일요일', '日曜日')","('일', '日')",일,日,15,"(15, ('일', '日'))",263
일본어,Japanese (language),日本語,"('일본어', '日本語')","('일', '日')",일,日,15,"(15, ('일', '日'))",263
일기,diary,日記,"('일기', '日記')","('일', '日')",일,日,15,"(15, ('일', '日'))",263
월요일,Monday,月曜日,"('월요일', '月曜日')","('일', '日')",일,日,15,"(15, ('일', '日'))",263
요일,a day of the week,曜日,"('요일', '曜日')","('일', '日')",일,日,15,"(15, ('일', '日'))",263
수요일,Wednesday,水曜日,"('수요일', '水曜日')","('일', '日')",일,日,15,"(15, ('일', '日'))",263
생일,birthday,生日,"('생일', '生日')","('일', '日')",일,日,15,"(15, ('일', '日'))",263
목요일,Thursday,木曜日,"('목요일', '木曜日')","('일', '日')",일,日,15,"(15, ('일', '日'))",263
매일,every day,每日,"('매일', '每日')","('일', '日')",일,日,15,"(15, ('일', '日'))",263
내일,tomorrow,來日,"('내일', '來日')","('일', '日')",일,日,15,"(15, ('일', '日'))",263
금요일,Friday,金曜日,"('금요일', '金曜日')","('일', '日')",일,日,15,"(15, ('일', '日'))",263
허리,waist,X,"('허리', 'X')","('리', 'X')",리,X,15,"(15, ('리', 'X'))",262
파리,Paris,X,"('파리', 'X')","('리', 'X')",리,X,15,"(15, ('리', 'X'))",262
자리,seat place,X,"('자리', 'X')","('리', 'X')",리,X,15,"(15, ('리', 'X'))",262
우리,we / our,X,"('우리', 'X')","('리', 'X')",리,X,15,"(15, ('리', 'X'))",262
아프리카,Africa,X,"('아프리카', 'X')","('리', 'X')",리,X,15,"(15, ('리', 'X'))",262
빨리,quickly,X,"('빨리', 'X')","('리', 'X')",리,X,15,"(15, ('리', 'X'))",262
머리,head,X,"('머리', 'X')","('리', 'X')",리,X,15,"(15, ('리', 'X'))",262
마드리드,Madrid,X,"('마드리드', 'X')","('리', 'X')",리,X,15,"(15, ('리', 'X'))",262
달리다,to run,X,"('달리다', 'X')","('리', 'X')",리,X,15,"(15, ('리', 'X'))",262
다리,leg,X,"('다리', 'X')","('리', 'X')",리,X,15,"(15, ('리', 'X'))",262
내리다,to get off,X,"('내리다', 'X')","('리', 'X')",리,X,15,"(15, ('리', 'X'))",262
기다리다,to wait,X,"('기다리다', 'X')","('리', 'X')",리,X,15,"(15, ('리', 'X'))",262
그리다,to draw to paint,X,"('그리다', 'X')","('리', 'X')",리,X,15,"(15, ('리', 'X'))",262
그리고,and,X,"('그리고', 'X')","('리', 'X')",리,X,15,"(15, ('리', 'X'))",262
걸리다,to take (time),X,"('걸리다', 'X')","('리', 'X')",리,X,15,"(15, ('리', 'X'))",262
프랑스어,French (language),X,"('프랑스어', 'X')","('어', 'X')",어,X,12,"(12, ('어', 'X'))",261
일어나다,to get up,X,"('일어나다', 'X')","('어', 'X')",어,X,12,"(12, ('어', 'X'))",261
어제,yesterday,X,"('어제', 'X')","('어', 'X')",어,X,12,"(12, ('어', 'X'))",261
어머니,mother,X,"('어머니', 'X')","('어', 'X')",어,X,12,"(12, ('어', 'X'))",261
어렵다,difficult,X,"('어렵다', 'X')","('어', 'X')",어,X,12,"(12, ('어', 'X'))",261
어떻게,how,X,"('어떻게', 'X')","('어', 'X')",어,X,12,"(12, ('어', 'X'))",261
어떤,what kind of,X,"('어떤', 'X')","('어', 'X')",어,X,12,"(12, ('어', 'X'))",261
어디,where,X,"('어디', 'X')","('어', 'X')",어,X,12,"(12, ('어', 'X'))",261
어깨,shoulder,X,"('어깨', 'X')","('어', 'X')",어,X,12,"(12, ('어', 'X'))",261
들어가다,to go in to enter,X,"('들어가다', 'X')","('어', 'X')",어,X,12,"(12, ('어', 'X'))",261
다이어트,diet,X,"('다이어트', 'X')","('어', 'X')",어,X,12,"(12, ('어', 'X'))",261
넘어지다,fall down,X,"('넘어지다', 'X')","('어', 'X')",어,X,12,"(12, ('어', 'X'))",261
하나,one,X,"('하나', 'X')","('나', 'X')",나,X,12,"(12, ('나', 'X'))",260
캐나다,Canada,X,"('캐나다', 'X')","('나', 'X')",나,X,12,"(12, ('나', 'X'))",260
일어나다,to get up,X,"('일어나다', 'X')","('나', 'X')",나,X,12,"(12, ('나', 'X'))",260
얼마나,how long,X,"('얼마나', 'X')","('나', 'X')",나,X,12,"(12, ('나', 'X'))",260
바나나,banana,X,"('바나나', 'X')","('나', 'X')",나,X,12,"(12, ('나', 'X'))",260
바나나,banana,X,"('바나나', 'X')","('나', 'X')",나,X,12,"(12, ('나', 'X'))",260
만나다,to meet,X,"('만나다', 'X')","('나', 'X')",나,X,12,"(12, ('나', 'X'))",260
누나,elder sister from a male perspective,X,"('누나', 'X')","('나', 'X')",나,X,12,"(12, ('나', 'X'))",260
나중에,"later, next time",X,"('나중에', 'X')","('나', 'X')",나,X,12,"(12, ('나', 'X'))",260
나쁘다,bad,X,"('나쁘다', 'X')","('나', 'X')",나,X,12,"(12, ('나', 'X'))",260
나다,to have (a fever/a runny nose),X,"('나다', 'X')","('나', 'X')",나,X,12,"(12, ('나', 'X'))",260
끝나다,to be finished,X,"('끝나다', 'X')","('나', 'X')",나,X,12,"(12, ('나', 'X'))",260
프랑스어,French (language),X,"('프랑스어', 'X')","('스', 'X')",스,X,10,"(10, ('스', 'X'))",259
프랑스,France,X,"('프랑스', 'X')","('스', 'X')",스,X,10,"(10, ('스', 'X'))",259
테니스,tennis,X,"('테니스', 'X')","('스', 'X')",스,X,10,"(10, ('스', 'X'))",259
주스,juice,X,"('주스', 'X')","('스', 'X')",스,X,10,"(10, ('스', 'X'))",259
아이스크림,ice cream,X,"('아이스크림', 'X')","('스', 'X')",스,X,10,"(10, ('스', 'X'))",259
스파게티,spaghetti,X,"('스파게티', 'X')","('스', 'X')",스,X,10,"(10, ('스', 'X'))",259
스키장,ski resort,X,"('스키장', 'X')","('스', 'X')",스,X,10,"(10, ('스', 'X'))",259
스키,skiing,X,"('스키', 'X')","('스', 'X')",스,X,10,"(10, ('스', 'X'))",259
버스,bus,X,"('버스', 'X')","('스', 'X')",스,X,10,"(10, ('스', 'X'))",259
뉴스,news,X,"('뉴스', 'X')","('스', 'X')",스,X,10,"(10, ('스', 'X'))",259
학생,student,學生,"('학생', '學生')","('생', '生')",생,生,10,"(10, ('생', '生'))",258
초등학생,elementary school student,初等學生,"('초등학생', '初等學生')","('생', '生')",생,生,10,"(10, ('생', '生'))",258
중학생,middle school student,中學生,"('중학생', '中學生')","('생', '生')",생,生,10,"(10, ('생', '生'))",258
여동생,younger sister,女同生,"('여동생', '女同生')","('생', '生')",생,生,10,"(10, ('생', '生'))",258
생일,birthday,生日,"('생일', '生日')","('생', '生')",생,生,10,"(10, ('생', '生'))",258
생선회,sliced raw fish,生鮮膾,"('생선회', '生鮮膾')","('생', '生')",생,生,10,"(10, ('생', '生'))",258
생선,fish,生鮮,"('생선', '生鮮')","('생', '生')",생,生,10,"(10, ('생', '生'))",258
동생,younger brother or sister,同生,"('동생', '同生')","('생', '生')",생,生,10,"(10, ('생', '生'))",258
대학생,university student,大學生,"('대학생', '大學生')","('생', '生')",생,生,10,"(10, ('생', '生'))",258
고등학생,high school student,高等學生,"('고등학생', '高等學生')","('생', '生')",생,生,10,"(10, ('생', '生'))",258
그분,that person (honorific),X,"('그분', 'X')","('그', 'X')",그,X,10,"(10, ('그', 'X'))",257
그림,picture / drawing,X,"('그림', 'X')","('그', 'X')",그,X,10,"(10, ('그', 'X'))",257
그리다,to draw to paint,X,"('그리다', 'X')","('그', 'X')",그,X,10,"(10, ('그', 'X'))",257
그리고,and,X,"('그리고', 'X')","('그', 'X')",그,X,10,"(10, ('그', 'X'))",257
그렇지만,but,X,"('그렇지만', 'X')","('그', 'X')",그,X,10,"(10, ('그', 'X'))",257
그럼,then / in that case,X,"('그럼', 'X')","('그', 'X')",그,X,10,"(10, ('그', 'X'))",257
그런데,but/ by the way,X,"('그런데', 'X')","('그', 'X')",그,X,10,"(10, ('그', 'X'))",257
그래서,so,X,"('그래서', 'X')","('그', 'X')",그,X,10,"(10, ('그', 'X'))",257
그거,that (one),X,"('그거', 'X')","('그', 'X')",그,X,10,"(10, ('그', 'X'))",257
그,that,X,"('그', 'X')","('그', 'X')",그,X,10,"(10, ('그', 'X'))",257
할아버지,grandfather,X,"('할아버지', 'X')","('지', 'X')",지,X,9,"(9, ('지', 'X'))",256
청바지,jeans,X,"('청바지', 'X')","('지', 'X')",지,X,9,"(9, ('지', 'X'))",256
지우개,eraser,X,"('지우개', 'X')","('지', 'X')",지,X,9,"(9, ('지', 'X'))",256
오렌지,orange,X,"('오렌지', 'X')","('지', 'X')",지,X,9,"(9, ('지', 'X'))",256
아버지,father,X,"('아버지', 'X')","('지', 'X')",지,X,9,"(9, ('지', 'X'))",256
바지,trousers pants,X,"('바지', 'X')","('지', 'X')",지,X,9,"(9, ('지', 'X'))",256
만지다,to touch,X,"('만지다', 'X')","('지', 'X')",지,X,9,"(9, ('지', 'X'))",256
넘어지다,fall down,X,"('넘어지다', 'X')","('지', 'X')",지,X,9,"(9, ('지', 'X'))",256
그렇지만,but,X,"('그렇지만', 'X')","('지', 'X')",지,X,9,"(9, ('지', 'X'))",256
이야기하다,to talk,X,"('이야기하다', 'X')","('기', 'X')",기,X,9,"(9, ('기', 'X'))",255
여기,here,X,"('여기', 'X')","('기', 'X')",기,X,9,"(9, ('기', 'X'))",255
아기,baby,X,"('아기', 'X')","('기', 'X')",기,X,9,"(9, ('기', 'X'))",255
불고기,bulgogi,X,"('불고기', 'X')","('기', 'X')",기,X,9,"(9, ('기', 'X'))",255
말하기,speaking,X,"('말하기', 'X')","('기', 'X')",기,X,9,"(9, ('기', 'X'))",255
기침,cough,X,"('기침', 'X')","('기', 'X')",기,X,9,"(9, ('기', 'X'))",255
기차표,train ticket,X,"('기차표', 'X')","('기', 'X')",기,X,9,"(9, ('기', 'X'))",255
기다리다,to wait,X,"('기다리다', 'X')","('기', 'X')",기,X,9,"(9, ('기', 'X'))",255
고기,meat,X,"('고기', 'X')","('기', 'X')",기,X,9,"(9, ('기', 'X'))",255
피자,pizza,X,"('피자', 'X')","('피', 'X')",피,X,8,"(8, ('피', 'X'))",254
피우다,to smoke (a cigarette),X,"('피우다', 'X')","('피', 'X')",피,X,8,"(8, ('피', 'X'))",254
피아노,piano,X,"('피아노', 'X')","('피', 'X')",피,X,8,"(8, ('피', 'X'))",254
피라미드,pyramid,X,"('피라미드', 'X')","('피', 'X')",피,X,8,"(8, ('피', 'X'))",254
피곤하다,tired,X,"('피곤하다', 'X')","('피', 'X')",피,X,8,"(8, ('피', 'X'))",254
피,blood,X,"('피', 'X')","('피', 'X')",피,X,8,"(8, ('피', 'X'))",254
커피숍,coffee shop,X,"('커피숍', 'X')","('피', 'X')",피,X,8,"(8, ('피', 'X'))",254
커피,coffee,X,"('커피', 'X')","('피', 'X')",피,X,8,"(8, ('피', 'X'))",254
집안일,chores,X,"('집안일', 'X')","('일', 'X')",일,X,8,"(8, ('일', 'X'))",253
일하다,to work,X,"('일하다', 'X')","('일', 'X')",일,X,8,"(8, ('일', 'X'))",253
일어나다,to get up,X,"('일어나다', 'X')","('일', 'X')",일,X,8,"(8, ('일', 'X'))",253
일곱,seven,X,"('일곱', 'X')","('일', 'X')",일,X,8,"(8, ('일', 'X'))",253
일,one | day | work,X,"('일', 'X')","('일', 'X')",일,X,8,"(8, ('일', 'X'))",253
이메일,e-mail,X,"('이메일', 'X')","('일', 'X')",일,X,8,"(8, ('일', 'X'))",253
세일,sale,X,"('세일', 'X')","('일', 'X')",일,X,8,"(8, ('일', 'X'))",253
과일,fruit,X,"('과일', 'X')","('일', 'X')",일,X,8,"(8, ('일', 'X'))",253
월요일,Monday,月曜日,"('월요일', '月曜日')","('월', '月')",월,月,8,"(8, ('월', '月'))",252
오월,May,五月,"('오월', '五月')","('월', '月')",월,月,8,"(8, ('월', '月'))",252
십일월,November,十一月,"('십일월', '十一月')","('월', '月')",월,月,8,"(8, ('월', '月'))",252
십이월,December,十二月,"('십이월', '十二月')","('월', '月')",월,月,8,"(8, ('월', '月'))",252
시월,October,十月,"('시월', '十月')","('월', '月')",월,月,8,"(8, ('월', '月'))",252
삼월,March,三月,"('삼월', '三月')","('월', '月')",월,月,8,"(8, ('월', '月'))",252
사월,April,四月,"('사월', '四月')","('월', '月')",월,月,8,"(8, ('월', '月'))",252
구월,September,九月,"('구월', '九月')","('월', '月')",월,月,8,"(8, ('월', '月'))",252
화요일,Tuesday,火曜日,"('화요일', '火曜日')","('요일', '曜日')",요일,曜日,8,"(8, ('요일', '曜日'))",251
토요일,Saturday,土曜日,"('토요일', '土曜日')","('요일', '曜日')",요일,曜日,8,"(8, ('요일', '曜日'))",251
일요일,Sunday,日曜日,"('일요일', '日曜日')","('요일', '曜日')",요일,曜日,8,"(8, ('요일', '曜日'))",251
월요일,Monday,月曜日,"('월요일', '月曜日')","('요일', '曜日')",요일,曜日,8,"(8, ('요일', '曜日'))",251
요일,a day of the week,曜日,"('요일', '曜日')","('요일', '曜日')",요일,曜日,8,"(8, ('요일', '曜日'))",251
수요일,Wednesday,水曜日,"('수요일', '水曜日')","('요일', '曜日')",요일,曜日,8,"(8, ('요일', '曜日'))",251
목요일,Thursday,木曜日,"('목요일', '木曜日')","('요일', '曜日')",요일,曜日,8,"(8, ('요일', '曜日'))",251
금요일,Friday,金曜日,"('금요일', '金曜日')","('요일', '曜日')",요일,曜日,8,"(8, ('요일', '曜日'))",251
화요일,Tuesday,火曜日,"('화요일', '火曜日')","('요', '曜')",요,曜,8,"(8, ('요', '曜'))",250
토요일,Saturday,土曜日,"('토요일', '土曜日')","('요', '曜')",요,曜,8,"(8, ('요', '曜'))",250
일요일,Sunday,日曜日,"('일요일', '日曜日')","('요', '曜')",요,曜,8,"(8, ('요', '曜'))",250
월요일,Monday,月曜日,"('월요일', '月曜日')","('요', '曜')",요,曜,8,"(8, ('요', '曜'))",250
요일,a day of the week,曜日,"('요일', '曜日')","('요', '曜')",요,曜,8,"(8, ('요', '曜'))",250
수요일,Wednesday,水曜日,"('수요일', '水曜日')","('요', '曜')",요,曜,8,"(8, ('요', '曜'))",250
목요일,Thursday,木曜日,"('목요일', '木曜日')","('요', '曜')",요,曜,8,"(8, ('요', '曜'))",250
금요일,Friday,金曜日,"('금요일', '金曜日')","('요', '曜')",요,曜,8,"(8, ('요', '曜'))",250
인사동,Insa-dong,X,"('인사동', 'X')","('사', 'X')",사,X,8,"(8, ('사', 'X'))",249
사용하다,to use,X,"('사용하다', 'X')","('사', 'X')",사,X,8,"(8, ('사', 'X'))",249
사랑하다,to love,X,"('사랑하다', 'X')","('사', 'X')",사,X,8,"(8, ('사', 'X'))",249
사람,human / person,X,"('사람', 'X')","('사', 'X')",사,X,8,"(8, ('사', 'X'))",249
사다,to buy,X,"('사다', 'X')","('사', 'X')",사,X,8,"(8, ('사', 'X'))",249
사,four,X,"('사', 'X')","('사', 'X')",사,X,8,"(8, ('사', 'X'))",249
뒷사람,person behind,X,"('뒷사람', 'X')","('사', 'X')",사,X,8,"(8, ('사', 'X'))",249
눈사람,snowman,X,"('눈사람', 'X')","('사', 'X')",사,X,8,"(8, ('사', 'X'))",249
다치다,to be hurt,X,"('다치다', 'X')","('다', 'X')",다,X,8,"(8, ('다', 'X'))",248
다이어트,diet,X,"('다이어트', 'X')","('다', 'X')",다,X,8,"(8, ('다', 'X'))",248
다음,next,X,"('다음', 'X')","('다', 'X')",다,X,8,"(8, ('다', 'X'))",248
다섯,five,X,"('다섯', 'X')","('다', 'X')",다,X,8,"(8, ('다', 'X'))",248
다리,leg,X,"('다리', 'X')","('다', 'X')",다,X,8,"(8, ('다', 'X'))",248
다른,other,X,"('다른', 'X')","('다', 'X')",다,X,8,"(8, ('다', 'X'))",248
다니다,to go to (a company) / to work for,X,"('다니다', 'X')","('다', 'X')",다,X,8,"(8, ('다', 'X'))",248
기다리다,to wait,X,"('기다리다', 'X')","('다', 'X')",다,X,8,"(8, ('다', 'X'))",248
한국어,Korean (language),韓國語,"('한국어', '韓國語')","('국', '國')",국,國,8,"(8, ('국', '國'))",247
한국,Korea,韓國,"('한국', '韓國')","('국', '國')",국,國,8,"(8, ('국', '國'))",247
중국어,Chinese (language),中國語,"('중국어', '中國語')","('국', '國')",국,國,8,"(8, ('국', '國'))",247
중국,China,中國,"('중국', '中國')","('국', '國')",국,國,8,"(8, ('국', '國'))",247
외국,foreign country,外國,"('외국', '外國')","('국', '國')",국,國,8,"(8, ('국', '國'))",247
영국,the United Kingdom,英國,"('영국', '英國')","('국', '國')",국,國,8,"(8, ('국', '國'))",247
미국,the United States of America,美國,"('미국', '美國')","('국', '國')",국,國,8,"(8, ('국', '國'))",247
국적,nationality,國籍,"('국적', '國籍')","('국', '國')",국,國,8,"(8, ('국', '國'))",247
학생,student,學生,"('학생', '學生')","('학', '學')",학,學,7,"(7, ('학', '學'))",246
학교,school,學校,"('학교', '學校')","('학', '學')",학,學,7,"(7, ('학', '學'))",246
초등학생,elementary school student,初等學生,"('초등학생', '初等學生')","('학', '學')",학,學,7,"(7, ('학', '學'))",246
중학생,middle school student,中學生,"('중학생', '中學生')","('학', '學')",학,學,7,"(7, ('학', '學'))",246
방학,school holidays,放學,"('방학', '放學')","('학', '學')",학,學,7,"(7, ('학', '學'))",246
대학생,university student,大學生,"('대학생', '大學生')","('학', '學')",학,學,7,"(7, ('학', '學'))",246
고등학생,high school student,高等學生,"('고등학생', '高等學生')","('학', '學')",학,學,7,"(7, ('학', '學'))",246
택시,taxi,X,"('택시', 'X')","('시', 'X')",시,X,7,"(7, ('시', 'X'))",245
시청역,City Hall Station,X,"('시청역', 'X')","('시', 'X')",시,X,7,"(7, ('시', 'X'))",245
시끄럽다,noisy,X,"('시끄럽다', 'X')","('시', 'X')",시,X,7,"(7, ('시', 'X'))",245
시,o'clock,X,"('시', 'X')","('시', 'X')",시,X,7,"(7, ('시', 'X'))",245
말레이시아,Malaysia,X,"('말레이시아', 'X')","('시', 'X')",시,X,7,"(7, ('시', 'X'))",245
드시다,to eat (honorific),X,"('드시다', 'X')","('시', 'X')",시,X,7,"(7, ('시', 'X'))",245
계시다,to be/to stay (honorific),X,"('계시다', 'X')","('시', 'X')",시,X,7,"(7, ('시', 'X'))",245
젓가락,chopsticks,X,"('젓가락', 'X')","('가', 'X')",가,X,7,"(7, ('가', 'X'))",244
숟가락,spoon,X,"('숟가락', 'X')","('가', 'X')",가,X,7,"(7, ('가', 'X'))",244
들어가다,to go in to enter,X,"('들어가다', 'X')","('가', 'X')",가,X,7,"(7, ('가', 'X'))",244
누가,who,X,"('누가', 'X')","('가', 'X')",가,X,7,"(7, ('가', 'X'))",244
가르치다,to teach,X,"('가르치다', 'X')","('가', 'X')",가,X,7,"(7, ('가', 'X'))",244
가다,to go,X,"('가다', 'X')","('가', 'X')",가,X,7,"(7, ('가', 'X'))",244
가게,store / shop,X,"('가게', 'X')","('가', 'X')",가,X,7,"(7, ('가', 'X'))",244
은행원,bank clerk,銀行員,"('은행원', '銀行員')","('행', '行')",행,行,6,"(6, ('행', '行'))",243
은행,bank,銀行,"('은행', '銀行')","('행', '行')",행,行,6,"(6, ('행', '行'))",243
여행하다,to travel,旅行하다,"('여행하다', '旅行하다')","('행', '行')",행,行,6,"(6, ('행', '行'))",243
여행사,travel agency,旅行社,"('여행사', '旅行社')","('행', '行')",행,行,6,"(6, ('행', '行'))",243
여행,trip travel,旅行,"('여행', '旅行')","('행', '行')",행,行,6,"(6, ('행', '行'))",243
비행기,airplane,飛行機,"('비행기', '飛行機')","('행', '行')",행,行,6,"(6, ('행', '行'))",243
프랑스어,French (language),X,"('프랑스어', 'X')","('프', 'X')",프,X,6,"(6, ('프', 'X'))",242
프랑스,France,X,"('프랑스', 'X')","('프', 'X')",프,X,6,"(6, ('프', 'X'))",242
아프리카,Africa,X,"('아프리카', 'X')","('프', 'X')",프,X,6,"(6, ('프', 'X'))",242
아프다,to be hurting / ill / in pain / hurt,X,"('아프다', 'X')","('프', 'X')",프,X,6,"(6, ('프', 'X'))",242
슬프다,sad,X,"('슬프다', 'X')","('프', 'X')",프,X,6,"(6, ('프', 'X'))",242
배고프다,hungry,X,"('배고프다', 'X')","('프', 'X')",프,X,6,"(6, ('프', 'X'))",242
치마,skirt,X,"('치마', 'X')","('치', 'X')",치,X,6,"(6, ('치', 'X'))",241
치다,to play / to hit / to strike,X,"('치다', 'X')","('치', 'X')",치,X,6,"(6, ('치', 'X'))",241
부치다,to send / to mail,X,"('부치다', 'X')","('치', 'X')",치,X,6,"(6, ('치', 'X'))",241
다치다,to be hurt,X,"('다치다', 'X')","('치', 'X')",치,X,6,"(6, ('치', 'X'))",241
김치,kimchi,X,"('김치', 'X')","('치', 'X')",치,X,6,"(6, ('치', 'X'))",241
가르치다,to teach,X,"('가르치다', 'X')","('치', 'X')",치,X,6,"(6, ('치', 'X'))",241
오빠,elder brother from a female perspective,X,"('오빠', 'X')","('오', 'X')",오,X,6,"(6, ('오', 'X'))",240
오른쪽,right side,X,"('오른쪽', 'X')","('오', 'X')",오,X,6,"(6, ('오', 'X'))",240
오렌지,orange,X,"('오렌지', 'X')","('오', 'X')",오,X,6,"(6, ('오', 'X'))",240
오다,to come,X,"('오다', 'X')","('오', 'X')",오,X,6,"(6, ('오', 'X'))",240
오늘,today,X,"('오늘', 'X')","('오', 'X')",오,X,6,"(6, ('오', 'X'))",240
오,five,X,"('오', 'X')","('오', 'X')",오,X,6,"(6, ('오', 'X'))",240
하얀색,white,X,"('하얀색', 'X')","('색', 'X')",색,X,6,"(6, ('색', 'X'))",239
파란색,blue,X,"('파란색', 'X')","('색', 'X')",색,X,6,"(6, ('색', 'X'))",239
색,color,X,"('색', 'X')","('색', 'X')",색,X,6,"(6, ('색', 'X'))",239
빨간색,red,X,"('빨간색', 'X')","('색', 'X')",색,X,6,"(6, ('색', 'X'))",239
노란색,yellow,X,"('노란색', 'X')","('색', 'X')",색,X,6,"(6, ('색', 'X'))",239
까만색,black,X,"('까만색', 'X')","('색', 'X')",색,X,6,"(6, ('색', 'X'))",239
청바지,jeans,X,"('청바지', 'X')","('바', 'X')",바,X,6,"(6, ('바', 'X'))",238
바지,trousers pants,X,"('바지', 'X')","('바', 'X')",바,X,6,"(6, ('바', 'X'))",238
바쁘다,busy,X,"('바쁘다', 'X')","('바', 'X')",바,X,6,"(6, ('바', 'X'))",238
바다,sea ocean,X,"('바다', 'X')","('바', 'X')",바,X,6,"(6, ('바', 'X'))",238
바나나,banana,X,"('바나나', 'X')","('바', 'X')",바,X,6,"(6, ('바', 'X'))",238
바꾸다,to change | to exchange,X,"('바꾸다', 'X')","('바', 'X')",바,X,6,"(6, ('바', 'X'))",238
치마,skirt,X,"('치마', 'X')","('마', 'X')",마,X,6,"(6, ('마', 'X'))",237
얼마나,how long,X,"('얼마나', 'X')","('마', 'X')",마,X,6,"(6, ('마', 'X'))",237
얼마,how much,X,"('얼마', 'X')","('마', 'X')",마,X,6,"(6, ('마', 'X'))",237
마드리드,Madrid,X,"('마드리드', 'X')","('마', 'X')",마,X,6,"(6, ('마', 'X'))",237
로마,Rome,X,"('로마', 'X')","('마', 'X')",마,X,6,"(6, ('마', 'X'))",237
드라마,drama (TV series),X,"('드라마', 'X')","('마', 'X')",마,X,6,"(6, ('마', 'X'))",237
핸드폰,mobile phone,X,"('핸드폰', 'X')","('드', 'X')",드,X,6,"(6, ('드', 'X'))",236
피라미드,pyramid,X,"('피라미드', 'X')","('드', 'X')",드,X,6,"(6, ('드', 'X'))",236
마드리드,Madrid,X,"('마드리드', 'X')","('드', 'X')",드,X,6,"(6, ('드', 'X'))",236
마드리드,Madrid,X,"('마드리드', 'X')","('드', 'X')",드,X,6,"(6, ('드', 'X'))",236
드시다,to eat (honorific),X,"('드시다', 'X')","('드', 'X')",드,X,6,"(6, ('드', 'X'))",236
드라마,drama (TV series),X,"('드라마', 'X')","('드', 'X')",드,X,6,"(6, ('드', 'X'))",236
아내,wife,X,"('아내', 'X')","('내', 'X')",내,X,6,"(6, ('내', 'X'))",235
보내다,to send / to mail,X,"('보내다', 'X')","('내', 'X')",내,X,6,"(6, ('내', 'X'))",235
내리다,to get off,X,"('내리다', 'X')","('내', 'X')",내,X,6,"(6, ('내', 'X'))",235
내다,to pay,X,"('내다', 'X')","('내', 'X')",내,X,6,"(6, ('내', 'X'))",235
내,my,X,"('내', 'X')","('내', 'X')",내,X,6,"(6, ('내', 'X'))",235
끝내다,to finish,X,"('끝내다', 'X')","('내', 'X')",내,X,6,"(6, ('내', 'X'))",235
학생,student,學生,"('학생', '學生')","('학생', '學生')",학생,學生,5,"(5, ('학생', '學生'))",234
초등학생,elementary school student,初等學生,"('초등학생', '初等學生')","('학생', '學生')",학생,學生,5,"(5, ('학생', '學生'))",234
중학생,middle school student,中學生,"('중학생', '中學生')","('학생', '學生')",학생,學生,5,"(5, ('학생', '學生'))",234
대학생,university student,大學生,"('대학생', '大學生')","('학생', '學生')",학생,學生,5,"(5, ('학생', '學生'))",234
고등학생,high school student,高等學生,"('고등학생', '高等學生')","('학생', '學生')",학생,學生,5,"(5, ('학생', '學生'))",234
파티,party,X,"('파티', 'X')","('파', 'X')",파,X,5,"(5, ('파', 'X'))",233
파리,Paris,X,"('파리', 'X')","('파', 'X')",파,X,5,"(5, ('파', 'X'))",233
파란색,blue,X,"('파란색', 'X')","('파', 'X')",파,X,5,"(5, ('파', 'X'))",233
스파게티,spaghetti,X,"('스파게티', 'X')","('파', 'X')",파,X,5,"(5, ('파', 'X'))",233
소파,sofa,X,"('소파', 'X')","('파', 'X')",파,X,5,"(5, ('파', 'X'))",233
피우다,to smoke (a cigarette),X,"('피우다', 'X')","('우', 'X')",우,X,5,"(5, ('우', 'X'))",232
지우개,eraser,X,"('지우개', 'X')","('우', 'X')",우,X,5,"(5, ('우', 'X'))",232
우리,we / our,X,"('우리', 'X')","('우', 'X')",우,X,5,"(5, ('우', 'X'))",232
세우다,to stop,X,"('세우다', 'X')","('우', 'X')",우,X,5,"(5, ('우', 'X'))",232
배우다,to learn,X,"('배우다', 'X')","('우', 'X')",우,X,5,"(5, ('우', 'X'))",232
텔레비전,television,X,"('텔레비전', 'X')","('비', 'X')",비,X,5,"(5, ('비', 'X'))",231
준비하다,to prepare,X,"('준비하다', 'X')","('비', 'X')",비,X,5,"(5, ('비', 'X'))",231
비싸다,expensive,X,"('비싸다', 'X')","('비', 'X')",비,X,5,"(5, ('비', 'X'))",231
비빔밥,bibimbap,X,"('비빔밥', 'X')","('비', 'X')",비,X,5,"(5, ('비', 'X'))",231
비,rain,X,"('비', 'X')","('비', 'X')",비,X,5,"(5, ('비', 'X'))",231
만지다,to touch,X,"('만지다', 'X')","('만', 'X')",만,X,5,"(5, ('만', 'X'))",230
만들다,to make,X,"('만들다', 'X')","('만', 'X')",만,X,5,"(5, ('만', 'X'))",230
만나다,to meet,X,"('만나다', 'X')","('만', 'X')",만,X,5,"(5, ('만', 'X'))",230
까만색,black,X,"('까만색', 'X')","('만', 'X')",만,X,5,"(5, ('만', 'X'))",230
그렇지만,but,X,"('그렇지만', 'X')","('만', 'X')",만,X,5,"(5, ('만', 'X'))",230
피라미드,pyramid,X,"('피라미드', 'X')","('라', 'X')",라,X,5,"(5, ('라', 'X'))",229
콜라,cola,X,"('콜라', 'X')","('라', 'X')",라,X,5,"(5, ('라', 'X'))",229
카메라,camera,X,"('카메라', 'X')","('라', 'X')",라,X,5,"(5, ('라', 'X'))",229
브라질,Brasil,X,"('브라질', 'X')","('라', 'X')",라,X,5,"(5, ('라', 'X'))",229
드라마,drama (TV series),X,"('드라마', 'X')","('라', 'X')",라,X,5,"(5, ('라', 'X'))",229
힘들다,laborous hard,X,"('힘들다', 'X')","('들', 'X')",들,X,5,"(5, ('들', 'X'))",228
아들,son,X,"('아들', 'X')","('들', 'X')",들,X,5,"(5, ('들', 'X'))",228
만들다,to make,X,"('만들다', 'X')","('들', 'X')",들,X,5,"(5, ('들', 'X'))",228
들어가다,to go in to enter,X,"('들어가다', 'X')","('들', 'X')",들,X,5,"(5, ('들', 'X'))",228
들다,to be contained,X,"('들다', 'X')","('들', 'X')",들,X,5,"(5, ('들', 'X'))",228
할머니,grandmother,X,"('할머니', 'X')","('니', 'X')",니,X,5,"(5, ('니', 'X'))",227
테니스,tennis,X,"('테니스', 'X')","('니', 'X')",니,X,5,"(5, ('니', 'X'))",227
언니,elder sister (female pov),X,"('언니', 'X')","('니', 'X')",니,X,5,"(5, ('니', 'X'))",227
어머니,mother,X,"('어머니', 'X')","('니', 'X')",니,X,5,"(5, ('니', 'X'))",227
다니다,to go to (a company) / to work for,X,"('다니다', 'X')","('니', 'X')",니,X,5,"(5, ('니', 'X'))",227
하얀색,white,X,"('하얀색', 'X')","('하', 'X')",하,X,4,"(4, ('하', 'X'))",226
하루,one day,X,"('하루', 'X')","('하', 'X')",하,X,4,"(4, ('하', 'X'))",226
하나,one,X,"('하나', 'X')","('하', 'X')",하,X,4,"(4, ('하', 'X'))",226
말하기,speaking,X,"('말하기', 'X')","('하', 'X')",하,X,4,"(4, ('하', 'X'))",226
포크,fork,X,"('포크', 'X')","('크', 'X')",크,X,4,"(4, ('크', 'X'))",225
크다,big,X,"('크다', 'X')","('크', 'X')",크,X,4,"(4, ('크', 'X'))",225
케이크,cake,X,"('케이크', 'X')","('크', 'X')",크,X,4,"(4, ('크', 'X'))",225
아이스크림,ice cream,X,"('아이스크림', 'X')","('크', 'X')",크,X,4,"(4, ('크', 'X'))",225
주스,juice,X,"('주스', 'X')","('주', 'X')",주,X,4,"(4, ('주', 'X'))",224
주다,to give,X,"('주다', 'X')","('주', 'X')",주,X,4,"(4, ('주', 'X'))",224
아주,very / quite,X,"('아주', 'X')","('주', 'X')",주,X,4,"(4, ('주', 'X'))",224
도와주다,to help,X,"('도와주다', 'X')","('주', 'X')",주,X,4,"(4, ('주', 'X'))",224
저분,that person (honorific),X,"('저분', 'X')","('저', 'X')",저,X,4,"(4, ('저', 'X'))",223
저녁,evening,X,"('저녁', 'X')","('저', 'X')",저,X,4,"(4, ('저', 'X'))",223
저거,that (one),X,"('저거', 'X')","('저', 'X')",저,X,4,"(4, ('저', 'X'))",223
저,he / she | that,X,"('저', 'X')","('저', 'X')",저,X,4,"(4, ('저', 'X'))",223
주차장,parking lot,駐車場,"('주차장', '駐車場')","('장', '場')",장,場,4,"(4, ('장', '場'))",222
시장,market,市場,"('시장', '市場')","('장', '場')",장,場,4,"(4, ('장', '場'))",222
수영장,swimming pool,水泳場,"('수영장', '水泳場')","('장', '場')",장,場,4,"(4, ('장', '場'))",222
극장,movie theater,劇場,"('극장', '劇場')","('장', '場')",장,場,4,"(4, ('장', '場'))",222
의자,chair,椅子,"('의자', '椅子')","('자', '子')",자,子,4,"(4, ('자', '子'))",221
여자,woman female,女子,"('여자', '女子')","('자', '子')",자,子,4,"(4, ('자', '子'))",221
모자,hat / cap,帽子,"('모자', '帽子')","('자', '子')",자,子,4,"(4, ('자', '子'))",221
남자,man male,男子,"('남자', '男子')","('자', '子')",자,子,4,"(4, ('자', '子'))",221
혼자,alone,X,"('혼자', 'X')","('자', 'X')",자,X,4,"(4, ('자', 'X'))",220
피자,pizza,X,"('피자', 'X')","('자', 'X')",자,X,4,"(4, ('자', 'X'))",220
자리,seat place,X,"('자리', 'X')","('자', 'X')",자,X,4,"(4, ('자', 'X'))",220
자다,to sleep,X,"('자다', 'X')","('자', 'X')",자,X,4,"(4, ('자', 'X'))",220
재미있다,interesting,X,"('재미있다', 'X')","('있', 'X')",있,X,4,"(4, ('있', 'X'))",219
있다,to have,X,"('있다', 'X')","('있', 'X')",있,X,4,"(4, ('있', 'X'))",219
멋있다,"to be nice, to be stylish",X,"('멋있다', 'X')","('있', 'X')",있,X,4,"(4, ('있', 'X'))",219
맛있다,tasty / delicious,X,"('맛있다', 'X')","('있', 'X')",있,X,4,"(4, ('있', 'X'))",219
회사원,company employee,會社員,"('회사원', '會社員')","('원', '員')",원,員,4,"(4, ('원', '員'))",218
직원,staff,職員,"('직원', '職員')","('원', '員')",원,員,4,"(4, ('원', '員'))",218
은행원,bank clerk,銀行員,"('은행원', '銀行員')","('원', '員')",원,員,4,"(4, ('원', '員'))",218
연구원,researcher,硏究員,"('연구원', '硏究員')","('원', '員')",원,員,4,"(4, ('원', '員'))",218
운전하다,to drive,運轉하다,"('운전하다', '運轉하다')","('운', '運')",운,運,4,"(4, ('운', '運'))",217
운전,driving,運轉,"('운전', '運轉')","('운', '運')",운,運,4,"(4, ('운', '運'))",217
운동하다,to exercise / to work out,運動하다,"('운동하다', '運動하다')","('운', '運')",운,運,4,"(4, ('운', '運'))",217
운동,exercise / workout,運動,"('운동', '運動')","('운', '運')",운,運,4,"(4, ('운', '運'))",217
요리하다,to cook,料理하다,"('요리하다', '料理하다')","('요', '料')",요,料,4,"(4, ('요', '料'))",216
요리사,chef,料理師,"('요리사', '料理師')","('요', '料')",요,料,4,"(4, ('요', '料'))",216
요리,cooking,料理,"('요리', '料理')","('요', '料')",요,料,4,"(4, ('요', '料'))",216
요금,fare charge,料金,"('요금', '料金')","('요', '料')",요,料,4,"(4, ('요', '料'))",216
한국어,Korean (language),韓國語,"('한국어', '韓國語')","('어', '語')",어,語,4,"(4, ('어', '語'))",215
중국어,Chinese (language),中國語,"('중국어', '中國語')","('어', '語')",어,語,4,"(4, ('어', '語'))",215
일본어,Japanese (language),日本語,"('일본어', '日本語')","('어', '語')",어,語,4,"(4, ('어', '語'))",215
영어,English (language),英語,"('영어', '英語')","('어', '語')",어,語,4,"(4, ('어', '語'))",215
수요일,Wednesday,水曜日,"('수요일', '水曜日')","('수', '水')",수,水,4,"(4, ('수', '水'))",214
수영하다,to swim,水泳하다,"('수영하다', '水泳하다')","('수', '水')",수,水,4,"(4, ('수', '水'))",214
수영장,swimming pool,水泳場,"('수영장', '水泳場')","('수', '水')",수,水,4,"(4, ('수', '水'))",214
수영,swimming,水泳,"('수영', '水泳')","('수', '水')",수,水,4,"(4, ('수', '水'))",214
저분,that person (honorific),X,"('저분', 'X')","('분', 'X')",분,X,4,"(4, ('분', 'X'))",213
이분,this person (honorific),X,"('이분', 'X')","('분', 'X')",분,X,4,"(4, ('분', 'X'))",213
분,minute,X,"('분', 'X')","('분', 'X')",분,X,4,"(4, ('분', 'X'))",213
그분,that person (honorific),X,"('그분', 'X')","('분', 'X')",분,X,4,"(4, ('분', 'X'))",213
햄버거,hamburger,X,"('햄버거', 'X')","('버', 'X')",버,X,4,"(4, ('버', 'X'))",212
할아버지,grandfather,X,"('할아버지', 'X')","('버', 'X')",버,X,4,"(4, ('버', 'X'))",212
아버지,father,X,"('아버지', 'X')","('버', 'X')",버,X,4,"(4, ('버', 'X'))",212
버스,bus,X,"('버스', 'X')","('버', 'X')",버,X,4,"(4, ('버', 'X'))",212
배우다,to learn,X,"('배우다', 'X')","('배', 'X')",배,X,4,"(4, ('배', 'X'))",211
배고프다,hungry,X,"('배고프다', 'X')","('배', 'X')",배,X,4,"(4, ('배', 'X'))",211
배,abdomen / stomach | ship/boat,X,"('배', 'X')","('배', 'X')",배,X,4,"(4, ('배', 'X'))",211
담배,cigarette,X,"('담배', 'X')","('배', 'X')",배,X,4,"(4, ('배', 'X'))",211
피라미드,pyramid,X,"('피라미드', 'X')","('미', 'X')",미,X,4,"(4, ('미', 'X'))",210
재미있다,interesting,X,"('재미있다', 'X')","('미', 'X')",미,X,4,"(4, ('미', 'X'))",210
재미없다,not interesting,X,"('재미없다', 'X')","('미', 'X')",미,X,4,"(4, ('미', 'X'))",210
미안하다,sorry,X,"('미안하다', 'X')","('미', 'X')",미,X,4,"(4, ('미', 'X'))",210
무슨,what kind of,X,"('무슨', 'X')","('무', 'X')",무,X,4,"(4, ('무', 'X'))",209
무섭다,scary,X,"('무섭다', 'X')","('무', 'X')",무,X,4,"(4, ('무', 'X'))",209
무겁다,heavy,X,"('무겁다', 'X')","('무', 'X')",무,X,4,"(4, ('무', 'X'))",209
너무,too,X,"('너무', 'X')","('무', 'X')",무,X,4,"(4, ('무', 'X'))",209
아래,under / below,X,"('아래', 'X')","('래', 'X')",래,X,4,"(4, ('래', 'X'))",208
빨래하다,to do laundry,X,"('빨래하다', 'X')","('래', 'X')",래,X,4,"(4, ('래', 'X'))",208
노래하다,to sing,X,"('노래하다', 'X')","('래', 'X')",래,X,4,"(4, ('래', 'X'))",208
그래서,so,X,"('그래서', 'X')","('래', 'X')",래,X,4,"(4, ('래', 'X'))",208
불고기,bulgogi,X,"('불고기', 'X')","('고', 'X')",고,X,4,"(4, ('고', 'X'))",207
배고프다,hungry,X,"('배고프다', 'X')","('고', 'X')",고,X,4,"(4, ('고', 'X'))",207
그리고,and,X,"('그리고', 'X')","('고', 'X')",고,X,4,"(4, ('고', 'X'))",207
고기,meat,X,"('고기', 'X')","('고', 'X')",고,X,4,"(4, ('고', 'X'))",207
이렇게,like this /in this way,X,"('이렇게', 'X')","('게', 'X')",게,X,4,"(4, ('게', 'X'))",206
어떻게,how,X,"('어떻게', 'X')","('게', 'X')",게,X,4,"(4, ('게', 'X'))",206
스파게티,spaghetti,X,"('스파게티', 'X')","('게', 'X')",게,X,4,"(4, ('게', 'X'))",206
가게,store / shop,X,"('가게', 'X')","('게', 'X')",게,X,4,"(4, ('게', 'X'))",206
햄버거,hamburger,X,"('햄버거', 'X')","('거', 'X')",거,X,4,"(4, ('거', 'X'))",205
저거,that (one),X,"('저거', 'X')","('거', 'X')",거,X,4,"(4, ('거', 'X'))",205
이거,this (one),X,"('이거', 'X')","('거', 'X')",거,X,4,"(4, ('거', 'X'))",205
그거,that (one),X,"('그거', 'X')","('거', 'X')",거,X,4,"(4, ('거', 'X'))",205
전화하다,to call,電話하다,"('전화하다', '電話하다')","('화', '話')",화,話,3,"(3, ('화', '話'))",204
전화번호,telephone number,電話番號,"('전화번호', '電話番號')","('화', '話')",화,話,3,"(3, ('화', '話'))",204
전화,cellular phone | telephone,電話,"('전화', '電話')","('화', '話')",화,話,3,"(3, ('화', '話'))",204
한복,hanbok (traditional Korean costume),韓服,"('한복', '韓服')","('한', '韓')",한,韓,3,"(3, ('한', '韓'))",203
한국어,Korean (language),韓國語,"('한국어', '韓國語')","('한', '韓')",한,韓,3,"(3, ('한', '韓'))",203
한국,Korea,韓國,"('한국', '韓國')","('한', '韓')",한,韓,3,"(3, ('한', '韓'))",203
파티,party,X,"('파티', 'X')","('티', 'X')",티,X,3,"(3, ('티', 'X'))",202
티셔츠,T-shirt,X,"('티셔츠', 'X')","('티', 'X')",티,X,3,"(3, ('티', 'X'))",202
스파게티,spaghetti,X,"('스파게티', 'X')","('티', 'X')",티,X,3,"(3, ('티', 'X'))",202
코트,coat,X,"('코트', 'X')","('트', 'X')",트,X,3,"(3, ('트', 'X'))",201
베트남,Vietnam,X,"('베트남', 'X')","('트', 'X')",트,X,3,"(3, ('트', 'X'))",201
다이어트,diet,X,"('다이어트', 'X')","('트', 'X')",트,X,3,"(3, ('트', 'X'))",201
책상,desk,冊床,"('책상', '冊床')","('책', '冊')",책,冊,3,"(3, ('책', '冊'))",200
책방,bookstore,冊房,"('책방', '冊房')","('책', '冊')",책,冊,3,"(3, ('책', '冊'))",200
공책,notebook,空冊,"('공책', '空冊')","('책', '冊')",책,冊,3,"(3, ('책', '冊'))",200
중학생,middle school student,中學生,"('중학생', '中學生')","('중', '中')",중,中,3,"(3, ('중', '中'))",199
중국어,Chinese (language),中國語,"('중국어', '中國語')","('중', '中')",중,中,3,"(3, ('중', '中'))",199
중국,China,中國,"('중국', '中國')","('중', '中')",중,中,3,"(3, ('중', '中'))",199
제,my,X,"('제', 'X')","('제', 'X')",제,X,3,"(3, ('제', 'X'))",198
언제,when,X,"('언제', 'X')","('제', 'X')",제,X,3,"(3, ('제', 'X'))",198
어제,yesterday,X,"('어제', 'X')","('제', 'X')",제,X,3,"(3, ('제', 'X'))",198
전화하다,to call,電話하다,"('전화하다', '電話하다')","('전화', '電話')",전화,電話,3,"(3, ('전화', '電話'))",197
전화번호,telephone number,電話番號,"('전화번호', '電話番號')","('전화', '電話')",전화,電話,3,"(3, ('전화', '電話'))",197
전화,cellular phone | telephone,電話,"('전화', '電話')","('전화', '電話')",전화,電話,3,"(3, ('전화', '電話'))",197
전화하다,to call,電話하다,"('전화하다', '電話하다')","('전', '電')",전,電,3,"(3, ('전', '電'))",196
전화번호,telephone number,電話番號,"('전화번호', '電話番號')","('전', '電')",전,電,3,"(3, ('전', '電'))",196
전화,cellular phone | telephone,電話,"('전화', '電話')","('전', '電')",전,電,3,"(3, ('전', '電'))",196
자전거,bicycle,自轉車,"('자전거', '自轉車')","('전', '轉')",전,轉,3,"(3, ('전', '轉'))",195
운전하다,to drive,運轉하다,"('운전하다', '運轉하다')","('전', '轉')",전,轉,3,"(3, ('전', '轉'))",195
운전,driving,運轉,"('운전', '運轉')","('전', '轉')",전,轉,3,"(3, ('전', '轉'))",195
요리하다,to cook,料理하다,"('요리하다', '料理하다')","('요리', '料理')",요리,料理,3,"(3, ('요리', '料理'))",194
요리사,chef,料理師,"('요리사', '料理師')","('요리', '料理')",요리,料理,3,"(3, ('요리', '料理'))",194
요리,cooking,料理,"('요리', '料理')","('요리', '料理')",요리,料理,3,"(3, ('요리', '料理'))",194
예약하다,to reserve,X,"('예약하다', 'X')","('예', 'X')",예,X,3,"(3, ('예', 'X'))",193
예술의,arts,X,"('예술의', 'X')","('예', 'X')",예,X,3,"(3, ('예', 'X'))",193
예쁘다,pretty,X,"('예쁘다', 'X')","('예', 'X')",예,X,3,"(3, ('예', 'X'))",193
수영하다,to swim,水泳하다,"('수영하다', '水泳하다')","('영', '泳')",영,泳,3,"(3, ('영', '泳'))",192
수영장,swimming pool,水泳場,"('수영장', '水泳場')","('영', '泳')",영,泳,3,"(3, ('영', '泳'))",192
수영,swimming,水泳,"('수영', '水泳')","('영', '泳')",영,泳,3,"(3, ('영', '泳'))",192
시청역,City Hall Station,X,"('시청역', 'X')","('역', 'X')",역,X,3,"(3, ('역', 'X'))",191
삼성역,Samseong Station,X,"('삼성역', 'X')","('역', 'X')",역,X,3,"(3, ('역', 'X'))",191
명동역,Myeongdong Station,X,"('명동역', 'X')","('역', 'X')",역,X,3,"(3, ('역', 'X'))",191
여행하다,to travel,旅行하다,"('여행하다', '旅行하다')","('여행', '旅行')",여행,旅行,3,"(3, ('여행', '旅行'))",190
여행사,travel agency,旅行社,"('여행사', '旅行社')","('여행', '旅行')",여행,旅行,3,"(3, ('여행', '旅行'))",190
여행,trip travel,旅行,"('여행', '旅行')","('여행', '旅行')",여행,旅行,3,"(3, ('여행', '旅行'))",190
여행하다,to travel,旅行하다,"('여행하다', '旅行하다')","('여', '旅')",여,旅,3,"(3, ('여', '旅'))",189
여행사,travel agency,旅行社,"('여행사', '旅行社')","('여', '旅')",여,旅,3,"(3, ('여', '旅'))",189
여행,trip travel,旅行,"('여행', '旅行')","('여', '旅')",여,旅,3,"(3, ('여', '旅'))",189
여섯,six,X,"('여섯', 'X')","('여', 'X')",여,X,3,"(3, ('여', 'X'))",188
여덟,eight,X,"('여덟', 'X')","('여', 'X')",여,X,3,"(3, ('여', 'X'))",188
여기,here,X,"('여기', 'X')","('여', 'X')",여,X,3,"(3, ('여', 'X'))",188
재미없다,not interesting,X,"('재미없다', 'X')","('없', 'X')",없,X,3,"(3, ('없', 'X'))",187
없다,not to have,X,"('없다', 'X')","('없', 'X')",없,X,3,"(3, ('없', 'X'))",187
맛없다,untasty,X,"('맛없다', 'X')","('없', 'X')",없,X,3,"(3, ('없', 'X'))",187
집안일,chores,X,"('집안일', 'X')","('안', 'X')",안,X,3,"(3, ('안', 'X'))",186
안,inside | not,X,"('안', 'X')","('안', 'X')",안,X,3,"(3, ('안', 'X'))",186
미안하다,sorry,X,"('미안하다', 'X')","('안', 'X')",안,X,3,"(3, ('안', 'X'))",186
십일월,November,十一月,"('십일월', '十一月')","('십', '十')",십,十,3,"(3, ('십', '十'))",185
십이월,December,十二月,"('십이월', '十二月')","('십', '十')",십,十,3,"(3, ('십', '十'))",185
십만,hundred thousand,十萬,"('십만', '十萬')","('십', '十')",십,十,3,"(3, ('십', '十'))",185
화장실,rest room,化粧室,"('화장실', '化粧室')","('실', '室')",실,室,3,"(3, ('실', '室'))",184
사무실,office,事務室,"('사무실', '事務室')","('실', '室')",실,室,3,"(3, ('실', '室'))",184
교실,classroom,敎室,"('교실', '敎室')","('실', '室')",실,室,3,"(3, ('실', '室'))",184
시계,watch / clock,時計,"('시계', '時計')","('시', '時')",시,時,3,"(3, ('시', '時'))",183
시간표,time table,時間表,"('시간표', '時間表')","('시', '時')",시,時,3,"(3, ('시', '時'))",183
시간,hour,時間,"('시간', '時間')","('시', '時')",시,時,3,"(3, ('시', '時'))",183
시청,city hall,市廳,"('시청', '市廳')","('시', '市')",시,市,3,"(3, ('시', '市'))",182
시장,market,市場,"('시장', '市場')","('시', '市')",시,市,3,"(3, ('시', '市'))",182
시내,downtown,市內,"('시내', '市內')","('시', '市')",시,市,3,"(3, ('시', '市'))",182
숙제하다,to do homework,宿題하다,"('숙제하다', '宿題하다')","('숙', '宿')",숙,宿,3,"(3, ('숙', '宿'))",181
숙제,homework,宿題,"('숙제', '宿題')","('숙', '宿')",숙,宿,3,"(3, ('숙', '宿'))",181
기숙사,dormitory,寄宿舍,"('기숙사', '寄宿舍')","('숙', '宿')",숙,宿,3,"(3, ('숙', '宿'))",181
수영하다,to swim,水泳하다,"('수영하다', '水泳하다')","('수영', '水泳')",수영,水泳,3,"(3, ('수영', '水泳'))",180
수영장,swimming pool,水泳場,"('수영장', '水泳場')","('수영', '水泳')",수영,水泳,3,"(3, ('수영', '水泳'))",180
수영,swimming,水泳,"('수영', '水泳')","('수영', '水泳')",수영,水泳,3,"(3, ('수영', '水泳'))",180
세일,sale,X,"('세일', 'X')","('세', 'X')",세,X,3,"(3, ('세', 'X'))",179
세우다,to stop,X,"('세우다', 'X')","('세', 'X')",세,X,3,"(3, ('세', 'X'))",179
세,three (when modifying a counting unit that follows),X,"('세', 'X')","('세', 'X')",세,X,3,"(3, ('세', 'X'))",179
선생님,teacher,X,"('선생님', 'X')","('생', 'X')",생,X,3,"(3, ('생', 'X'))",178
생각,thinking / thought,X,"('생각', 'X')","('생', 'X')",생,X,3,"(3, ('생', 'X'))",178
남동생,younger brother,X,"('남동생', 'X')","('생', 'X')",생,X,3,"(3, ('생', 'X'))",178
회색,grey,灰色,"('회색', '灰色')","('색', '色')",색,色,3,"(3, ('색', '色'))",177
녹색,green,綠色,"('녹색', '綠色')","('색', '色')",색,色,3,"(3, ('색', '色'))",177
갈색,brown,褐色,"('갈색', '褐色')","('색', '色')",색,色,3,"(3, ('색', '色'))",177
한라산,Hallasan,漢拏山,"('한라산', '漢拏山')","('산', '山')",산,山,3,"(3, ('산', '山'))",176
부산,Busan,釜山,"('부산', '釜山')","('산', '山')",산,山,3,"(3, ('산', '山'))",176
등산,mountain climbing / hiking,登山,"('등산', '登山')","('산', '山')",산,山,3,"(3, ('산', '山'))",176
사람,human / person,X,"('사람', 'X')","('사람', 'X')",사람,X,3,"(3, ('사람', 'X'))",175
뒷사람,person behind,X,"('뒷사람', 'X')","('사람', 'X')",사람,X,3,"(3, ('사람', 'X'))",175
눈사람,snowman,X,"('눈사람', 'X')","('사람', 'X')",사람,X,3,"(3, ('사람', 'X'))",175
회사원,company employee,會社員,"('회사원', '會社員')","('사', '社')",사,社,3,"(3, ('사', '社'))",174
회사,company,會社,"('회사', '會社')","('사', '社')",사,社,3,"(3, ('사', '社'))",174
여행사,travel agency,旅行社,"('여행사', '旅行社')","('사', '社')",사,社,3,"(3, ('사', '社'))",174
의사,doctor,醫師,"('의사', '醫師')","('사', '師')",사,師,3,"(3, ('사', '師'))",173
요리사,chef,料理師,"('요리사', '料理師')","('사', '師')",사,師,3,"(3, ('사', '師'))",173
간호사,nurse,看護師,"('간호사', '看護師')","('사', '師')",사,師,3,"(3, ('사', '師'))",173
예쁘다,pretty,X,"('예쁘다', 'X')","('쁘', 'X')",쁘,X,3,"(3, ('쁘', 'X'))",172
바쁘다,busy,X,"('바쁘다', 'X')","('쁘', 'X')",쁘,X,3,"(3, ('쁘', 'X'))",172
나쁘다,bad,X,"('나쁘다', 'X')","('쁘', 'X')",쁘,X,3,"(3, ('쁘', 'X'))",172
빨리,quickly,X,"('빨리', 'X')","('빨', 'X')",빨,X,3,"(3, ('빨', 'X'))",171
빨래하다,to do laundry,X,"('빨래하다', 'X')","('빨', 'X')",빨,X,3,"(3, ('빨', 'X'))",171
빨간색,red,X,"('빨간색', 'X')","('빨', 'X')",빨,X,3,"(3, ('빨', 'X'))",171
한번,once,X,"('한번', 'X')","('번', 'X')",번,X,3,"(3, ('번', 'X'))",170
이번,this time,X,"('이번', 'X')","('번', 'X')",번,X,3,"(3, ('번', 'X'))",170
번,counting unit after number,X,"('번', 'X')","('번', 'X')",번,X,3,"(3, ('번', 'X'))",170
비빔밥,bibimbap,X,"('비빔밥', 'X')","('밥', 'X')",밥,X,3,"(3, ('밥', 'X'))",169
밥,steamed rice | meal,X,"('밥', 'X')","('밥', 'X')",밥,X,3,"(3, ('밥', 'X'))",169
김밥,gimbap,X,"('김밥', 'X')","('밥', 'X')",밥,X,3,"(3, ('밥', 'X'))",169
콧물,runny nose,X,"('콧물', 'X')","('물', 'X')",물,X,3,"(3, ('물', 'X'))",168
찬물,cold water,X,"('찬물', 'X')","('물', 'X')",물,X,3,"(3, ('물', 'X'))",168
물,water,X,"('물', 'X')","('물', 'X')",물,X,3,"(3, ('물', 'X'))",168
카메라,camera,X,"('카메라', 'X')","('메', 'X')",메,X,3,"(3, ('메', 'X'))",167
이메일,e-mail,X,"('이메일', 'X')","('메', 'X')",메,X,3,"(3, ('메', 'X'))",167
메뉴,menu,X,"('메뉴', 'X')","('메', 'X')",메,X,3,"(3, ('메', 'X'))",167
할머니,grandmother,X,"('할머니', 'X')","('머', 'X')",머,X,3,"(3, ('머', 'X'))",166
어머니,mother,X,"('어머니', 'X')","('머', 'X')",머,X,3,"(3, ('머', 'X'))",166
머리,head,X,"('머리', 'X')","('머', 'X')",머,X,3,"(3, ('머', 'X'))",166
정말,"really, truly",X,"('정말', 'X')","('말', 'X')",말,X,3,"(3, ('말', 'X'))",165
말하기,speaking,X,"('말하기', 'X')","('말', 'X')",말,X,3,"(3, ('말', 'X'))",165
말레이시아,Malaysia,X,"('말레이시아', 'X')","('말', 'X')",말,X,3,"(3, ('말', 'X'))",165
요리하다,to cook,料理하다,"('요리하다', '料理하다')","('리', '理')",리,理,3,"(3, ('리', '理'))",164
요리사,chef,料理師,"('요리사', '料理師')","('리', '理')",리,理,3,"(3, ('리', '理'))",164
요리,cooking,料理,"('요리', '料理')","('리', '理')",리,理,3,"(3, ('리', '理'))",164
프랑스어,French (language),X,"('프랑스어', 'X')","('랑', 'X')",랑,X,3,"(3, ('랑', 'X'))",163
프랑스,France,X,"('프랑스', 'X')","('랑', 'X')",랑,X,3,"(3, ('랑', 'X'))",163
사랑하다,to love,X,"('사랑하다', 'X')","('랑', 'X')",랑,X,3,"(3, ('랑', 'X'))",163
사람,human / person,X,"('사람', 'X')","('람', 'X')",람,X,3,"(3, ('람', 'X'))",162
뒷사람,person behind,X,"('뒷사람', 'X')","('람', 'X')",람,X,3,"(3, ('람', 'X'))",162
눈사람,snowman,X,"('눈사람', 'X')","('람', 'X')",람,X,3,"(3, ('람', 'X'))",162
운동하다,to exercise / to work out,運動하다,"('운동하다', '運動하다')","('동', '動')",동,動,3,"(3, ('동', '動'))",161
운동,exercise / workout,運動,"('운동', '運動')","('동', '動')",동,動,3,"(3, ('동', '動'))",161
명동,Myeong-dong,鳴動,"('명동', '鳴動')","('동', '動')",동,動,3,"(3, ('동', '動'))",161
인사동,Insa-dong,X,"('인사동', 'X')","('동', 'X')",동,X,3,"(3, ('동', 'X'))",160
명동역,Myeongdong Station,X,"('명동역', 'X')","('동', 'X')",동,X,3,"(3, ('동', 'X'))",160
남동생,younger brother,X,"('남동생', 'X')","('동', 'X')",동,X,3,"(3, ('동', 'X'))",160
도쿄,Tokyo,X,"('도쿄', 'X')","('도', 'X')",도,X,3,"(3, ('도', 'X'))",159
도착하다,to arrive,X,"('도착하다', 'X')","('도', 'X')",도,X,3,"(3, ('도', 'X'))",159
도와주다,to help,X,"('도와주다', 'X')","('도', 'X')",도,X,3,"(3, ('도', 'X'))",159
달리다,to run,X,"('달리다', 'X')","('달', 'X')",달,X,3,"(3, ('달', 'X'))",158
달러,dollar,X,"('달러', 'X')","('달', 'X')",달,X,3,"(3, ('달', 'X'))",158
달,month,X,"('달', 'X')","('달', 'X')",달,X,3,"(3, ('달', 'X'))",158
메뉴,menu,X,"('메뉴', 'X')","('뉴', 'X')",뉴,X,3,"(3, ('뉴', 'X'))",157
뉴욕,New York,X,"('뉴욕', 'X')","('뉴', 'X')",뉴,X,3,"(3, ('뉴', 'X'))",157
뉴스,news,X,"('뉴스', 'X')","('뉴', 'X')",뉴,X,3,"(3, ('뉴', 'X'))",157
누나,elder sister from a male perspective,X,"('누나', 'X')","('누', 'X')",누,X,3,"(3, ('누', 'X'))",156
누구,who,X,"('누구', 'X')","('누', 'X')",누,X,3,"(3, ('누', 'X'))",156
누가,who,X,"('누가', 'X')","('누', 'X')",누,X,3,"(3, ('누', 'X'))",156
피아노,piano,X,"('피아노', 'X')","('노', 'X')",노,X,3,"(3, ('노', 'X'))",155
노래하다,to sing,X,"('노래하다', 'X')","('노', 'X')",노,X,3,"(3, ('노', 'X'))",155
노란색,yellow,X,"('노란색', 'X')","('노', 'X')",노,X,3,"(3, ('노', 'X'))",155
인천공항,Incheon Airport,仁川空港,"('인천공항', '仁川空港')","('공', '空')",공,空,3,"(3, ('공', '空'))",154
공항,airport,空港,"('공항', '空港')","('공', '空')",공,空,3,"(3, ('공', '空'))",154
공책,notebook,空冊,"('공책', '空冊')","('공', '空')",공,空,3,"(3, ('공', '空'))",154
회사원,company employee,會社員,"('회사원', '會社員')","('회사', '會社')",회사,會社,2,"(2, ('회사', '會社'))",153
회사,company,會社,"('회사', '會社')","('회사', '會社')",회사,會社,2,"(2, ('회사', '會社'))",153
회사원,company employee,會社員,"('회사원', '會社員')","('회', '會')",회,會,2,"(2, ('회', '會'))",152
회사,company,會社,"('회사', '會社')","('회', '會')",회,會,2,"(2, ('회', '會'))",152
결혼하다,to marry,結婚하다,"('결혼하다', '結婚하다')","('혼', '婚')",혼,婚,2,"(2, ('혼', '婚'))",151
결혼,marriage,結婚,"('결혼', '結婚')","('혼', '婚')",혼,婚,2,"(2, ('혼', '婚'))",151
호선,subway line number,號線,"('호선', '號線')","('호', '號')",호,號,2,"(2, ('호', '號'))",150
전화번호,telephone number,電話番號,"('전화번호', '電話番號')","('호', '號')",호,號,2,"(2, ('호', '號'))",150
인천공항,Incheon Airport,仁川空港,"('인천공항', '仁川空港')","('항', '港')",항,港,2,"(2, ('항', '港'))",149
공항,airport,空港,"('공항', '空港')","('항', '港')",항,港,2,"(2, ('항', '港'))",149
할아버지,grandfather,X,"('할아버지', 'X')","('할', 'X')",할,X,2,"(2, ('할', 'X'))",148
할머니,grandmother,X,"('할머니', 'X')","('할', 'X')",할,X,2,"(2, ('할', 'X'))",148
한국어,Korean (language),韓國語,"('한국어', '韓國語')","('한국', '韓國')",한국,韓國,2,"(2, ('한국', '韓國'))",147
한국,Korea,韓國,"('한국', '韓國')","('한국', '韓國')",한국,韓國,2,"(2, ('한국', '韓國'))",147
한번,once,X,"('한번', 'X')","('한', 'X')",한,X,2,"(2, ('한', 'X'))",146
한,one (when modifying a counting unit that follows),X,"('한', 'X')","('한', 'X')",한,X,2,"(2, ('한', 'X'))",146
지하철역,subway station,地下鐵驛,"('지하철역', '地下鐵驛')","('하철', '下鐵')",하철,下鐵,2,"(2, ('하철', '下鐵'))",145
지하철,subway,地下鐵,"('지하철', '地下鐵')","('하철', '下鐵')",하철,下鐵,2,"(2, ('하철', '下鐵'))",145
지하철역,subway station,地下鐵驛,"('지하철역', '地下鐵驛')","('하', '下')",하,下,2,"(2, ('하', '下'))",144
지하철,subway,地下鐵,"('지하철', '地下鐵')","('하', '下')",하,下,2,"(2, ('하', '下'))",144
프랑스어,French (language),X,"('프랑스어', 'X')","('프랑스', 'X')",프랑스,X,2,"(2, ('프랑스', 'X'))",143
프랑스,France,X,"('프랑스', 'X')","('프랑스', 'X')",프랑스,X,2,"(2, ('프랑스', 'X'))",143
프랑스어,French (language),X,"('프랑스어', 'X')","('프랑', 'X')",프랑,X,2,"(2, ('프랑', 'X'))",142
프랑스,France,X,"('프랑스', 'X')","('프랑', 'X')",프랑,X,2,"(2, ('프랑', 'X'))",142
투표하다,to vote,投票하다,"('투표하다', '投票하다')","('표', '票')",표,票,2,"(2, ('표', '票'))",141
투표,vote,投票,"('투표', '投票')","('표', '票')",표,票,2,"(2, ('표', '票'))",141
표,ticket,X,"('표', 'X')","('표', 'X')",표,X,2,"(2, ('표', 'X'))",140
기차표,train ticket,X,"('기차표', 'X')","('표', 'X')",표,X,2,"(2, ('표', 'X'))",140
편지,letter,便紙,"('편지', '便紙')","('편', '便')",편,便,2,"(2, ('편', '便'))",139
남편,husband,男便,"('남편', '男便')","('편', '便')",편,便,2,"(2, ('편', '便'))",139
투표하다,to vote,投票하다,"('투표하다', '投票하다')","('투표', '投票')",투표,投票,2,"(2, ('투표', '投票'))",138
투표,vote,投票,"('투표', '投票')","('투표', '投票')",투표,投票,2,"(2, ('투표', '投票'))",138
투표하다,to vote,投票하다,"('투표하다', '投票하다')","('투', '投')",투,投,2,"(2, ('투', '投'))",137
투표,vote,投票,"('투표', '投票')","('투', '投')",투,投,2,"(2, ('투', '投'))",137
호텔,hotel,X,"('호텔', 'X')","('텔', 'X')",텔,X,2,"(2, ('텔', 'X'))",136
텔레비전,television,X,"('텔레비전', 'X')","('텔', 'X')",텔,X,2,"(2, ('텔', 'X'))",136
타다,to get on to ride,X,"('타다', 'X')","('타', 'X')",타,X,2,"(2, ('타', 'X'))",135
갈아타다,to transfer,X,"('갈아타다', 'X')","('타', 'X')",타,X,2,"(2, ('타', 'X'))",135
스키장,ski resort,X,"('스키장', 'X')","('키', 'X')",키,X,2,"(2, ('키', 'X'))",134
스키,skiing,X,"('스키', 'X')","('키', 'X')",키,X,2,"(2, ('키', 'X'))",134
코트,coat,X,"('코트', 'X')","('코', 'X')",코,X,2,"(2, ('코', 'X'))",133
코,nose,X,"('코', 'X')","('코', 'X')",코,X,2,"(2, ('코', 'X'))",133
커피숍,coffee shop,X,"('커피숍', 'X')","('커피', 'X')",커피,X,2,"(2, ('커피', 'X'))",132
커피,coffee,X,"('커피', 'X')","('커피', 'X')",커피,X,2,"(2, ('커피', 'X'))",132
커피숍,coffee shop,X,"('커피숍', 'X')","('커', 'X')",커,X,2,"(2, ('커', 'X'))",131
커피,coffee,X,"('커피', 'X')","('커', 'X')",커,X,2,"(2, ('커', 'X'))",131
카메라,camera,X,"('카메라', 'X')","('카', 'X')",카,X,2,"(2, ('카', 'X'))",130
아프리카,Africa,X,"('아프리카', 'X')","('카', 'X')",카,X,2,"(2, ('카', 'X'))",130
아침,morning,X,"('아침', 'X')","('침', 'X')",침,X,2,"(2, ('침', 'X'))",129
기침,cough,X,"('기침', 'X')","('침', 'X')",침,X,2,"(2, ('침', 'X'))",129
칠,seven,X,"('칠', 'X')","('칠', 'X')",칠,X,2,"(2, ('칠', 'X'))",128
며칠,what date,X,"('며칠', 'X')","('칠', 'X')",칠,X,2,"(2, ('칠', 'X'))",128
출발하다,to depart,出發하다,"('출발하다', '出發하다')","('출발', '出發')",출발,出發,2,"(2, ('출발', '出發'))",127
출발,departure,出發,"('출발', '出發')","('출발', '出發')",출발,出發,2,"(2, ('출발', '出發'))",127
출발하다,to depart,出發하다,"('출발하다', '出發하다')","('출', '出')",출,出,2,"(2, ('출', '出'))",126
출발,departure,出發,"('출발', '出發')","('출', '出')",출,出,2,"(2, ('출', '出'))",126
청소하다,to clean,淸掃하다,"('청소하다', '淸掃하다')","('청소', '淸掃')",청소,淸掃,2,"(2, ('청소', '淸掃'))",125
청소,cleaning,淸掃,"('청소', '淸掃')","('청소', '淸掃')",청소,淸掃,2,"(2, ('청소', '淸掃'))",125
청소하다,to clean,淸掃하다,"('청소하다', '淸掃하다')","('청', '淸')",청,淸,2,"(2, ('청', '淸'))",124
청소,cleaning,淸掃,"('청소', '淸掃')","('청', '淸')",청,淸,2,"(2, ('청', '淸'))",124
청바지,jeans,X,"('청바지', 'X')","('청', 'X')",청,X,2,"(2, ('청', 'X'))",123
시청역,City Hall Station,X,"('시청역', 'X')","('청', 'X')",청,X,2,"(2, ('청', 'X'))",123
지하철역,subway station,地下鐵驛,"('지하철역', '地下鐵驛')","('철', '鐵')",철,鐵,2,"(2, ('철', '鐵'))",122
지하철,subway,地下鐵,"('지하철', '地下鐵')","('철', '鐵')",철,鐵,2,"(2, ('철', '鐵'))",122
착하다,to be kind / good-natured,X,"('착하다', 'X')","('착', 'X')",착,X,2,"(2, ('착', 'X'))",121
도착하다,to arrive,X,"('도착하다', 'X')","('착', 'X')",착,X,2,"(2, ('착', 'X'))",121
주차장,parking lot,駐車場,"('주차장', '駐車場')","('차', '車')",차,車,2,"(2, ('차', '車'))",120
기차,train,汽車,"('기차', '汽車')","('차', '車')",차,車,2,"(2, ('차', '車'))",120
홍차,black tea,紅茶,"('홍차', '紅茶')","('차', '茶')",차,茶,2,"(2, ('차', '茶'))",119
녹차,green tea,綠茶,"('녹차', '綠茶')","('차', '茶')",차,茶,2,"(2, ('차', '茶'))",119
차,car | tea,X,"('차', 'X')","('차', 'X')",차,X,2,"(2, ('차', 'X'))",118
기차표,train ticket,X,"('기차표', 'X')","('차', 'X')",차,X,2,"(2, ('차', 'X'))",118
왼쪽,left side,X,"('왼쪽', 'X')","('쪽', 'X')",쪽,X,2,"(2, ('쪽', 'X'))",117
오른쪽,right side,X,"('오른쪽', 'X')","('쪽', 'X')",쪽,X,2,"(2, ('쪽', 'X'))",117
집안일,chores,X,"('집안일', 'X')","('집', 'X')",집,X,2,"(2, ('집', 'X'))",116
집,house,X,"('집', 'X')","('집', 'X')",집,X,2,"(2, ('집', 'X'))",116
직원,staff,職員,"('직원', '職員')","('직', '職')",직,職,2,"(2, ('직', '職'))",115
직업,job/ occupation,職業,"('직업', '職業')","('직', '職')",직,職,2,"(2, ('직', '職'))",115
지하철역,subway station,地下鐵驛,"('지하철역', '地下鐵驛')","('지하철', '地下鐵')",지하철,地下鐵,2,"(2, ('지하철', '地下鐵'))",114
지하철,subway,地下鐵,"('지하철', '地下鐵')","('지하철', '地下鐵')",지하철,地下鐵,2,"(2, ('지하철', '地下鐵'))",114
지하철역,subway station,地下鐵驛,"('지하철역', '地下鐵驛')","('지하', '地下')",지하,地下,2,"(2, ('지하', '地下'))",113
지하철,subway,地下鐵,"('지하철', '地下鐵')","('지하', '地下')",지하,地下,2,"(2, ('지하', '地下'))",113
편지,letter,便紙,"('편지', '便紙')","('지', '紙')",지,紙,2,"(2, ('지', '紙'))",112
지갑,wallet,紙匣,"('지갑', '紙匣')","('지', '紙')",지,紙,2,"(2, ('지', '紙'))",112
지하철역,subway station,地下鐵驛,"('지하철역', '地下鐵驛')","('지', '地')",지,地,2,"(2, ('지', '地'))",111
지하철,subway,地下鐵,"('지하철', '地下鐵')","('지', '地')",지,地,2,"(2, ('지', '地'))",111
중국어,Chinese (language),中國語,"('중국어', '中國語')","('중국', '中國')",중국,中國,2,"(2, ('중국', '中國'))",110
중국,China,中國,"('중국', '中國')","('중국', '中國')",중국,中國,2,"(2, ('중국', '中國'))",110
주일,week,週日,"('주일', '週日')","('주', '週')",주,週,2,"(2, ('주', '週'))",109
주말,weekend,週末,"('주말', '週末')","('주', '週')",주,週,2,"(2, ('주', '週'))",109
좋아하다,to like,X,"('좋아하다', 'X')","('좋', 'X')",좋,X,2,"(2, ('좋', 'X'))",108
좋다,good,X,"('좋다', 'X')","('좋', 'X')",좋,X,2,"(2, ('좋', 'X'))",108
숙제하다,to do homework,宿題하다,"('숙제하다', '宿題하다')","('제', '題')",제,題,2,"(2, ('제', '題'))",107
숙제,homework,宿題,"('숙제', '宿題')","('제', '題')",제,題,2,"(2, ('제', '題'))",107
정말,"really, truly",X,"('정말', 'X')","('정', 'X')",정,X,2,"(2, ('정', 'X'))",106
걱정,worry / concern,X,"('걱정', 'X')","('정', 'X')",정,X,2,"(2, ('정', 'X'))",106
텔레비전,television,X,"('텔레비전', 'X')","('전', 'X')",전,X,2,"(2, ('전', 'X'))",105
전혀,not at all,X,"('전혀', 'X')","('전', 'X')",전,X,2,"(2, ('전', 'X'))",105
재미있다,interesting,X,"('재미있다', 'X')","('재미', 'X')",재미,X,2,"(2, ('재미', 'X'))",104
재미없다,not interesting,X,"('재미없다', 'X')","('재미', 'X')",재미,X,2,"(2, ('재미', 'X'))",104
재미있다,interesting,X,"('재미있다', 'X')","('재', 'X')",재,X,2,"(2, ('재', 'X'))",103
재미없다,not interesting,X,"('재미없다', 'X')","('재', 'X')",재,X,2,"(2, ('재', 'X'))",103
옷장,wardrobe / closet,X,"('옷장', 'X')","('장', 'X')",장,X,2,"(2, ('장', 'X'))",102
스키장,ski resort,X,"('스키장', 'X')","('장', 'X')",장,X,2,"(2, ('장', 'X'))",102
자주,often,自主,"('자주', '自主')","('자', '自')",자,自,2,"(2, ('자', '自'))",101
자전거,bicycle,自轉車,"('자전거', '自轉車')","('자', '自')",자,自,2,"(2, ('자', '自'))",101
회의하다,to hold a meeting,X,"('회의하다', 'X')","('의', 'X')",의,X,2,"(2, ('의', 'X'))",100
예술의,arts,X,"('예술의', 'X')","('의', 'X')",의,X,2,"(2, ('의', 'X'))",100
은행원,bank clerk,銀行員,"('은행원', '銀行員')","('은행', '銀行')",은행,銀行,2,"(2, ('은행', '銀行'))",99
은행,bank,銀行,"('은행', '銀行')","('은행', '銀行')",은행,銀行,2,"(2, ('은행', '銀行'))",99
은행원,bank clerk,銀行員,"('은행원', '銀行員')","('은', '銀')",은,銀,2,"(2, ('은', '銀'))",98
은행,bank,銀行,"('은행', '銀行')","('은', '銀')",은,銀,2,"(2, ('은', '銀'))",98
운전하다,to drive,運轉하다,"('운전하다', '運轉하다')","('운전', '運轉')",운전,運轉,2,"(2, ('운전', '運轉'))",97
운전,driving,運轉,"('운전', '運轉')","('운전', '運轉')",운전,運轉,2,"(2, ('운전', '運轉'))",97
운동하다,to exercise / to work out,運動하다,"('운동하다', '運動하다')","('운동', '運動')",운동,運動,2,"(2, ('운동', '運動'))",96
운동,exercise / workout,運動,"('운동', '運動')","('운동', '運動')",운동,運動,2,"(2, ('운동', '運動'))",96
옷장,wardrobe / closet,X,"('옷장', 'X')","('옷', 'X')",옷,X,2,"(2, ('옷', 'X'))",95
옷,clothes,X,"('옷', 'X')","('옷', 'X')",옷,X,2,"(2, ('옷', 'X'))",95
오후,afternoon / p.m.,午後,"('오후', '午後')","('오', '午')",오,午,2,"(2, ('오', '午'))",94
오전,morning / a.m.,午前,"('오전', '午前')","('오', '午')",오,午,2,"(2, ('오', '午'))",94
영어,English (language),英語,"('영어', '英語')","('영', '英')",영,英,2,"(2, ('영', '英'))",93
영국,the United Kingdom,英國,"('영국', '英國')","('영', '英')",영,英,2,"(2, ('영', '英'))",93
열다,to open,X,"('열다', 'X')","('열', 'X')",열,X,2,"(2, ('열', 'X'))",92
열,ten | fever,X,"('열', 'X')","('열', 'X')",열,X,2,"(2, ('열', 'X'))",92
여자,woman female,女子,"('여자', '女子')","('여', '女')",여,女,2,"(2, ('여', '女'))",91
여동생,younger sister,女同生,"('여동생', '女同生')","('여', '女')",여,女,2,"(2, ('여', '女'))",91
얼마나,how long,X,"('얼마나', 'X')","('얼마', 'X')",얼마,X,2,"(2, ('얼마', 'X'))",90
얼마,how much,X,"('얼마', 'X')","('얼마', 'X')",얼마,X,2,"(2, ('얼마', 'X'))",90
얼마나,how long,X,"('얼마나', 'X')","('얼', 'X')",얼,X,2,"(2, ('얼', 'X'))",89
얼마,how much,X,"('얼마', 'X')","('얼', 'X')",얼,X,2,"(2, ('얼', 'X'))",89
언제,when,X,"('언제', 'X')","('언', 'X')",언,X,2,"(2, ('언', 'X'))",88
언니,elder sister (female pov),X,"('언니', 'X')","('언', 'X')",언,X,2,"(2, ('언', 'X'))",88
예약하다,to reserve,X,"('예약하다', 'X')","('약', 'X')",약,X,2,"(2, ('약', 'X'))",87
약,medicine,X,"('약', 'X')","('약', 'X')",약,X,2,"(2, ('약', 'X'))",87
야채,vegetable,野菜,"('야채', '野菜')","('야', '野')",야,野,2,"(2, ('야', '野'))",86
야구,baseball,野球,"('야구', '野球')","('야', '野')",야,野,2,"(2, ('야', '野'))",86
아프리카,Africa,X,"('아프리카', 'X')","('아프', 'X')",아프,X,2,"(2, ('아프', 'X'))",85
아프다,to be hurting / ill / in pain / hurt,X,"('아프다', 'X')","('아프', 'X')",아프,X,2,"(2, ('아프', 'X'))",85
아이스크림,ice cream,X,"('아이스크림', 'X')","('아이', 'X')",아이,X,2,"(2, ('아이', 'X'))",84
아이,child,X,"('아이', 'X')","('아이', 'X')",아이,X,2,"(2, ('아이', 'X'))",84
할아버지,grandfather,X,"('할아버지', 'X')","('아버지', 'X')",아버지,X,2,"(2, ('아버지', 'X'))",83
아버지,father,X,"('아버지', 'X')","('아버지', 'X')",아버지,X,2,"(2, ('아버지', 'X'))",83
할아버지,grandfather,X,"('할아버지', 'X')","('아버', 'X')",아버,X,2,"(2, ('아버', 'X'))",82
아버지,father,X,"('아버지', 'X')","('아버', 'X')",아버,X,2,"(2, ('아버', 'X'))",82
씨,"Mr., Miss, Mrs., Ms.",X,"('씨', 'X')","('씨', 'X')",씨,X,2,"(2, ('씨', 'X'))",81
날씨,weather,X,"('날씨', 'X')","('씨', 'X')",씨,X,2,"(2, ('씨', 'X'))",81
싸다,cheap,X,"('싸다', 'X')","('싸', 'X')",싸,X,2,"(2, ('싸', 'X'))",80
비싸다,expensive,X,"('비싸다', 'X')","('싸', 'X')",싸,X,2,"(2, ('싸', 'X'))",80
심심하다,bored,X,"('심심하다', 'X')","('심', 'X')",심,X,2,"(2, ('심', 'X'))",79
심심하다,bored,X,"('심심하다', 'X')","('심', 'X')",심,X,2,"(2, ('심', 'X'))",79
신발,shoes,X,"('신발', 'X')","('신', 'X')",신,X,2,"(2, ('신', 'X'))",78
신다,to put on (shoes),X,"('신다', 'X')","('신', 'X')",신,X,2,"(2, ('신', 'X'))",78
음식,food,飮食,"('음식', '飮食')","('식', '食')",식,食,2,"(2, ('식', '食'))",77
식당,restaurant,食堂,"('식당', '食堂')","('식', '食')",식,食,2,"(2, ('식', '食'))",77
시간표,time table,時間表,"('시간표', '時間表')","('시간', '時間')",시간,時間,2,"(2, ('시간', '時間'))",76
시간,hour,時間,"('시간', '時間')","('시간', '時間')",시간,時間,2,"(2, ('시간', '時間'))",76
스키장,ski resort,X,"('스키장', 'X')","('스키', 'X')",스키,X,2,"(2, ('스키', 'X'))",75
스키,skiing,X,"('스키', 'X')","('스키', 'X')",스키,X,2,"(2, ('스키', 'X'))",75
예술의,arts,X,"('예술의', 'X')","('술', 'X')",술,X,2,"(2, ('술', 'X'))",74
술,liquor,X,"('술', 'X')","('술', 'X')",술,X,2,"(2, ('술', 'X'))",74
숙제하다,to do homework,宿題하다,"('숙제하다', '宿題하다')","('숙제', '宿題')",숙제,宿題,2,"(2, ('숙제', '宿題'))",73
숙제,homework,宿題,"('숙제', '宿題')","('숙제', '宿題')",숙제,宿題,2,"(2, ('숙제', '宿題'))",73
손님,customer / guest,X,"('손님', 'X')","('손', 'X')",손,X,2,"(2, ('손', 'X'))",72
손,hand,X,"('손', 'X')","('손', 'X')",손,X,2,"(2, ('손', 'X'))",72
청소하다,to clean,淸掃하다,"('청소하다', '淸掃하다')","('소', '掃')",소,掃,2,"(2, ('소', '掃'))",71
청소,cleaning,淸掃,"('청소', '淸掃')","('소', '掃')",소,掃,2,"(2, ('소', '掃'))",71
주소,address,住所,"('주소', '住所')","('소', '所')",소,所,2,"(2, ('소', '所'))",70
세탁소,dry cleaner's,洗濯所,"('세탁소', '洗濯所')","('소', '所')",소,所,2,"(2, ('소', '所'))",70
여섯,six,X,"('여섯', 'X')","('섯', 'X')",섯,X,2,"(2, ('섯', 'X'))",69
다섯,five,X,"('다섯', 'X')","('섯', 'X')",섯,X,2,"(2, ('섯', 'X'))",69
생선회,sliced raw fish,生鮮膾,"('생선회', '生鮮膾')","('선', '鮮')",선,鮮,2,"(2, ('선', '鮮'))",68
생선,fish,生鮮,"('생선', '生鮮')","('선', '鮮')",선,鮮,2,"(2, ('선', '鮮'))",68
엽서,postcard,葉書,"('엽서', '葉書')","('서', '書')",서,書,2,"(2, ('서', '書'))",67
도서관,library,圖書館,"('도서관', '圖書館')","('서', '書')",서,書,2,"(2, ('서', '書'))",67
서울,Seoul,X,"('서울', 'X')","('서', 'X')",서,X,2,"(2, ('서', 'X'))",66
그래서,so,X,"('그래서', 'X')","('서', 'X')",서,X,2,"(2, ('서', 'X'))",66
생선회,sliced raw fish,生鮮膾,"('생선회', '生鮮膾')","('생선', '生鮮')",생선,生鮮,2,"(2, ('생선', '生鮮'))",65
생선,fish,生鮮,"('생선', '生鮮')","('생선', '生鮮')",생선,生鮮,2,"(2, ('생선', '生鮮'))",65
삼성역,Samseong Station,X,"('삼성역', 'X')","('삼', 'X')",삼,X,2,"(2, ('삼', 'X'))",64
삼,three,X,"('삼', 'X')","('삼', 'X')",삼,X,2,"(2, ('삼', 'X'))",64
살다,to live,X,"('살다', 'X')","('살', 'X')",살,X,2,"(2, ('살', 'X'))",63
살,-years old/counting unit for age | flesh,X,"('살', 'X')","('살', 'X')",살,X,2,"(2, ('살', 'X'))",63
오빠,elder brother from a female perspective,X,"('오빠', 'X')","('빠', 'X')",빠,X,2,"(2, ('빠', 'X'))",62
빠르다,to be fast,X,"('빠르다', 'X')","('빠', 'X')",빠,X,2,"(2, ('빠', 'X'))",62
공부하다,to study,工夫하다,"('공부하다', '工夫하다')","('부', '夫')",부,夫,2,"(2, ('부', '夫'))",61
공부,study / learning,工夫,"('공부', '工夫')","('부', '夫')",부,夫,2,"(2, ('부', '夫'))",61
부치다,to send / to mail,X,"('부치다', 'X')","('부', 'X')",부,X,2,"(2, ('부', 'X'))",60
부엌,kitchen,X,"('부엌', 'X')","('부', 'X')",부,X,2,"(2, ('부', 'X'))",60
보다,to see / to watch / to look at,X,"('보다', 'X')","('보', 'X')",보,X,2,"(2, ('보', 'X'))",59
보내다,to send / to mail,X,"('보내다', 'X')","('보', 'X')",보,X,2,"(2, ('보', 'X'))",59
베트남,Vietnam,X,"('베트남', 'X')","('베', 'X')",베,X,2,"(2, ('베', 'X'))",58
베이징,Beijing,X,"('베이징', 'X')","('베', 'X')",베,X,2,"(2, ('베', 'X'))",58
할아버지,grandfather,X,"('할아버지', 'X')","('버지', 'X')",버지,X,2,"(2, ('버지', 'X'))",57
아버지,father,X,"('아버지', 'X')","('버지', 'X')",버지,X,2,"(2, ('버지', 'X'))",57
책방,bookstore,冊房,"('책방', '冊房')","('방', '房')",방,房,2,"(2, ('방', '房'))",56
온돌방,traditional Korean room / hot-floored room,溫突房,"('온돌방', '溫突房')","('방', '房')",방,房,2,"(2, ('방', '房'))",56
방콕,Bangkok,X,"('방콕', 'X')","('방', 'X')",방,X,2,"(2, ('방', 'X'))",55
방,room with a bed,X,"('방', 'X')","('방', 'X')",방,X,2,"(2, ('방', 'X'))",55
출발하다,to depart,出發하다,"('출발하다', '出發하다')","('발', '發')",발,發,2,"(2, ('발', '發'))",54
출발,departure,出發,"('출발', '出發')","('발', '發')",발,發,2,"(2, ('발', '發'))",54
신발,shoes,X,"('신발', 'X')","('발', 'X')",발,X,2,"(2, ('발', 'X'))",53
발,foot,X,"('발', 'X')","('발', 'X')",발,X,2,"(2, ('발', 'X'))",53
청바지,jeans,X,"('청바지', 'X')","('바지', 'X')",바지,X,2,"(2, ('바지', 'X'))",52
바지,trousers pants,X,"('바지', 'X')","('바지', 'X')",바지,X,2,"(2, ('바지', 'X'))",52
명동역,Myeongdong Station,X,"('명동역', 'X')","('명', 'X')",명,X,2,"(2, ('명', 'X'))",51
명,counting unit for people,X,"('명', 'X')","('명', 'X')",명,X,2,"(2, ('명', 'X'))",51
할머니,grandmother,X,"('할머니', 'X')","('머니', 'X')",머니,X,2,"(2, ('머니', 'X'))",50
어머니,mother,X,"('어머니', 'X')","('머니', 'X')",머니,X,2,"(2, ('머니', 'X'))",50
맛있다,tasty / delicious,X,"('맛있다', 'X')","('맛', 'X')",맛,X,2,"(2, ('맛', 'X'))",49
맛없다,untasty,X,"('맛없다', 'X')","('맛', 'X')",맛,X,2,"(2, ('맛', 'X'))",49
많이,a lot / many / much,X,"('많이', 'X')","('많', 'X')",많,X,2,"(2, ('많', 'X'))",48
많다,many / much,X,"('많다', 'X')","('많', 'X')",많,X,2,"(2, ('많', 'X'))",48
아이스크림,ice cream,X,"('아이스크림', 'X')","('림', 'X')",림,X,2,"(2, ('림', 'X'))",47
그림,picture / drawing,X,"('그림', 'X')","('림', 'X')",림,X,2,"(2, ('림', 'X'))",47
오른쪽,right side,X,"('오른쪽', 'X')","('른', 'X')",른,X,2,"(2, ('른', 'X'))",46
다른,other,X,"('다른', 'X')","('른', 'X')",른,X,2,"(2, ('른', 'X'))",46
빠르다,to be fast,X,"('빠르다', 'X')","('르', 'X')",르,X,2,"(2, ('르', 'X'))",45
가르치다,to teach,X,"('가르치다', 'X')","('르', 'X')",르,X,2,"(2, ('르', 'X'))",45
별로,"not really, not particularly",X,"('별로', 'X')","('로', 'X')",로,X,2,"(2, ('로', 'X'))",44
로마,Rome,X,"('로마', 'X')","('로', 'X')",로,X,2,"(2, ('로', 'X'))",44
텔레비전,television,X,"('텔레비전', 'X')","('레', 'X')",레,X,2,"(2, ('레', 'X'))",43
말레이시아,Malaysia,X,"('말레이시아', 'X')","('레', 'X')",레,X,2,"(2, ('레', 'X'))",43
이렇게,like this /in this way,X,"('이렇게', 'X')","('렇', 'X')",렇,X,2,"(2, ('렇', 'X'))",42
그렇지만,but,X,"('그렇지만', 'X')","('렇', 'X')",렇,X,2,"(2, ('렇', 'X'))",42
유럽,Europe,X,"('유럽', 'X')","('럽', 'X')",럽,X,2,"(2, ('럽', 'X'))",41
시끄럽다,noisy,X,"('시끄럽다', 'X')","('럽', 'X')",럽,X,2,"(2, ('럽', 'X'))",41
런던,London,X,"('런던', 'X')","('런', 'X')",런,X,2,"(2, ('런', 'X'))",40
그런데,but/ by the way,X,"('그런데', 'X')","('런', 'X')",런,X,2,"(2, ('런', 'X'))",40
프랑스어,French (language),X,"('프랑스어', 'X')","('랑스', 'X')",랑스,X,2,"(2, ('랑스', 'X'))",39
프랑스,France,X,"('프랑스', 'X')","('랑스', 'X')",랑스,X,2,"(2, ('랑스', 'X'))",39
파란색,blue,X,"('파란색', 'X')","('란색', 'X')",란색,X,2,"(2, ('란색', 'X'))",38
노란색,yellow,X,"('노란색', 'X')","('란색', 'X')",란색,X,2,"(2, ('란색', 'X'))",38
파란색,blue,X,"('파란색', 'X')","('란', 'X')",란,X,2,"(2, ('란', 'X'))",37
노란색,yellow,X,"('노란색', 'X')","('란', 'X')",란,X,2,"(2, ('란', 'X'))",37
젓가락,chopsticks,X,"('젓가락', 'X')","('락', 'X')",락,X,2,"(2, ('락', 'X'))",36
숟가락,spoon,X,"('숟가락', 'X')","('락', 'X')",락,X,2,"(2, ('락', 'X'))",36
똑똑하다,smart,X,"('똑똑하다', 'X')","('똑', 'X')",똑,X,2,"(2, ('똑', 'X'))",35
똑똑하다,smart,X,"('똑똑하다', 'X')","('똑', 'X')",똑,X,2,"(2, ('똑', 'X'))",35
초등학생,elementary school student,初等學生,"('초등학생', '初等學生')","('등학생', '等學生')",등학생,等學生,2,"(2, ('등학생', '等學生'))",34
고등학생,high school student,高等學生,"('고등학생', '高等學生')","('등학생', '等學生')",등학생,等學生,2,"(2, ('등학생', '等學生'))",34
초등학생,elementary school student,初等學生,"('초등학생', '初等學生')","('등학', '等學')",등학,等學,2,"(2, ('등학', '等學'))",33
고등학생,high school student,高等學生,"('고등학생', '高等學生')","('등학', '等學')",등학,等學,2,"(2, ('등학', '等學'))",33
초등학생,elementary school student,初等學生,"('초등학생', '初等學生')","('등', '等')",등,等,2,"(2, ('등', '等'))",32
고등학생,high school student,高等學生,"('고등학생', '高等學生')","('등', '等')",등,等,2,"(2, ('등', '等'))",32
여동생,younger sister,女同生,"('여동생', '女同生')","('동생', '同生')",동생,同生,2,"(2, ('동생', '同生'))",31
동생,younger brother or sister,同生,"('동생', '同生')","('동생', '同生')",동생,同生,2,"(2, ('동생', '同生'))",31
여동생,younger sister,女同生,"('여동생', '女同生')","('동', '同')",동,同,2,"(2, ('동', '同'))",30
동생,younger brother or sister,同生,"('동생', '同生')","('동', '同')",동,同,2,"(2, ('동', '同'))",30
다리,leg,X,"('다리', 'X')","('다리', 'X')",다리,X,2,"(2, ('다리', 'X'))",29
기다리다,to wait,X,"('기다리다', 'X')","('다리', 'X')",다리,X,2,"(2, ('다리', 'X'))",29
손님,customer / guest,X,"('손님', 'X')","('님', 'X')",님,X,2,"(2, ('님', 'X'))",28
선생님,teacher,X,"('선생님', 'X')","('님', 'X')",님,X,2,"(2, ('님', 'X'))",28
눈사람,snowman,X,"('눈사람', 'X')","('눈', 'X')",눈,X,2,"(2, ('눈', 'X'))",27
눈,eye | snow,X,"('눈', 'X')","('눈', 'X')",눈,X,2,"(2, ('눈', 'X'))",27
녹차,green tea,綠茶,"('녹차', '綠茶')","('녹', '綠')",녹,綠,2,"(2, ('녹', '綠'))",26
녹색,green,綠色,"('녹색', '綠色')","('녹', '綠')",녹,綠,2,"(2, ('녹', '綠'))",26
냉장고,refrigerator,冷藏庫,"('냉장고', '冷藏庫')","('냉', '冷')",냉,冷,2,"(2, ('냉', '冷'))",25
냉면,naengmyeon,冷麵,"('냉면', '冷麵')","('냉', '冷')",냉,冷,2,"(2, ('냉', '冷'))",25
안내,information guide,案內,"('안내', '案內')","('내', '內')",내,內,2,"(2, ('내', '內'))",24
시내,downtown,市內,"('시내', '市內')","('내', '內')",내,內,2,"(2, ('내', '內'))",24
남편,husband,男便,"('남편', '男便')","('남', '男')",남,男,2,"(2, ('남', '男'))",23
남자,man male,男子,"('남자', '男子')","('남', '男')",남,男,2,"(2, ('남', '男'))",23
베트남,Vietnam,X,"('베트남', 'X')","('남', 'X')",남,X,2,"(2, ('남', 'X'))",22
남동생,younger brother,X,"('남동생', 'X')","('남', 'X')",남,X,2,"(2, ('남', 'X'))",22
끝내다,to finish,X,"('끝내다', 'X')","('끝', 'X')",끝,X,2,"(2, ('끝', 'X'))",21
끝나다,to be finished,X,"('끝나다', 'X')","('끝', 'X')",끝,X,2,"(2, ('끝', 'X'))",21
아까,"earlier (today), a while ago (today)",X,"('아까', 'X')","('까', 'X')",까,X,2,"(2, ('까', 'X'))",20
까만색,black,X,"('까만색', 'X')","('까', 'X')",까,X,2,"(2, ('까', 'X'))",20
김치,kimchi,X,"('김치', 'X')","('김', 'X')",김,X,2,"(2, ('김', 'X'))",19
김밥,gimbap,X,"('김밥', 'X')","('김', 'X')",김,X,2,"(2, ('김', 'X'))",19
길다,long,X,"('길다', 'X')","('길', 'X')",길,X,2,"(2, ('길', 'X'))",18
길,road / way,X,"('길', 'X')","('길', 'X')",길,X,2,"(2, ('길', 'X'))",18
일기,diary,日記,"('일기', '日記')","('기', '記')",기,記,2,"(2, ('기', '記'))",17
기자,reporter,記者,"('기자', '記者')","('기', '記')",기,記,2,"(2, ('기', '記'))",17
기분,feeling,氣分,"('기분', '氣分')","('기', '氣')",기,氣,2,"(2, ('기', '氣'))",16
감기,cold,感氣,"('감기', '感氣')","('기', '氣')",기,氣,2,"(2, ('기', '氣'))",16
요금,fare charge,料金,"('요금', '料金')","('금', '金')",금,金,2,"(2, ('금', '金'))",15
금요일,Friday,金曜日,"('금요일', '金曜日')","('금', '金')",금,金,2,"(2, ('금', '金'))",15
그리다,to draw to paint,X,"('그리다', 'X')","('그리', 'X')",그리,X,2,"(2, ('그리', 'X'))",14
그리고,and,X,"('그리고', 'X')","('그리', 'X')",그리,X,2,"(2, ('그리', 'X'))",14
한국어,Korean (language),韓國語,"('한국어', '韓國語')","('국어', '國語')",국어,國語,2,"(2, ('국어', '國語'))",13
중국어,Chinese (language),中國語,"('중국어', '中國語')","('국어', '國語')",국어,國語,2,"(2, ('국어', '國語'))",13
우체국,post office,郵遞局,"('우체국', '郵遞局')","('국', '局')",국,局,2,"(2, ('국', '局'))",12
약국,pharmacy,藥局,"('약국', '藥局')","('국', '局')",국,局,2,"(2, ('국', '局'))",12
축구,soccer,蹴球,"('축구', '蹴球')","('구', '球')",구,球,2,"(2, ('구', '球'))",11
야구,baseball,野球,"('야구', '野球')","('구', '球')",구,球,2,"(2, ('구', '球'))",11
누구,who,X,"('누구', 'X')","('구', 'X')",구,X,2,"(2, ('구', 'X'))",10
구,nine,X,"('구', 'X')","('구', 'X')",구,X,2,"(2, ('구', 'X'))",10
인천공항,Incheon Airport,仁川空港,"('인천공항', '仁川空港')","('공항', '空港')",공항,空港,2,"(2, ('공항', '空港'))",9
공항,airport,空港,"('공항', '空港')","('공항', '空港')",공항,空港,2,"(2, ('공항', '空港'))",9
공부하다,to study,工夫하다,"('공부하다', '工夫하다')","('공부', '工夫')",공부,工夫,2,"(2, ('공부', '工夫'))",8
공부,study / learning,工夫,"('공부', '工夫')","('공부', '工夫')",공부,工夫,2,"(2, ('공부', '工夫'))",8
공부하다,to study,工夫하다,"('공부하다', '工夫하다')","('공', '工')",공,工,2,"(2, ('공', '工'))",7
공부,study / learning,工夫,"('공부', '工夫')","('공', '工')",공,工,2,"(2, ('공', '工'))",7
불고기,bulgogi,X,"('불고기', 'X')","('고기', 'X')",고기,X,2,"(2, ('고기', 'X'))",6
고기,meat,X,"('고기', 'X')","('고기', 'X')",고기,X,2,"(2, ('고기', 'X'))",6
결혼하다,to marry,結婚하다,"('결혼하다', '結婚하다')","('결혼', '結婚')",결혼,結婚,2,"(2, ('결혼', '結婚'))",5
결혼,marriage,結婚,"('결혼', '結婚')","('결혼', '結婚')",결혼,結婚,2,"(2, ('결혼', '結婚'))",5
결혼하다,to marry,結婚하다,"('결혼하다', '結婚하다')","('결', '結')",결,結,2,"(2, ('결', '結'))",4
결혼,marriage,結婚,"('결혼', '結婚')","('결', '結')",결,結,2,"(2, ('결', '結'))",4
지우개,eraser,X,"('지우개', 'X')","('개', 'X')",개,X,2,"(2, ('개', 'X'))",3
개,counting unit for general items,X,"('개', 'X')","('개', 'X')",개,X,2,"(2, ('개', 'X'))",3
시간표,time table,時間表,"('시간표', '時間表')","('간', '間')",간,間,2,"(2, ('간', '間'))",2
시간,hour,時間,"('시간', '時間')","('간', '間')",간,間,2,"(2, ('간', '間'))",2
젓가락,chopsticks,X,"('젓가락', 'X')","('가락', 'X')",가락,X,2,"(2, ('가락', 'X'))",1
숟가락,spoon,X,"('숟가락', 'X')","('가락', 'X')",가락,X,2,"(2, ('가락', 'X'))",1
